,date,category,sales,quantity,profit,region
0,2020-01-01,Clothing,154.47,1,14.89,South
1,2020-01-02,Clothing,221.2,16,12.51,East
2,2020-01-03,Grocery,109.97,2,13.48,West
3,2020-01-04,Electronics,682.29,17,167.35,East
4,2020-01-05,Furniture,442.09,9,116.74,West
5,2020-01-06,Electronics,763.89,13,85.58,South
6,2020-01-07,Grocery,622.98,5,110.19,South
7,2020-01-08,Furniture,518.86,2,126.64,West
8,2020-01-09,Electronics,864.23,18,160.19,North
9,2020-01-10,Electronics,636.4,18,99.49,South
10,2020-01-11,Electronics,715.45,8,213.32,East
11,2020-01-12,Clothing,159.53,6,43.06,West
12,2020-01-13,Clothing,763.74,14,59.14,West
13,2020-01-14,Clothing,250.48,17,48.72,East
14,2020-01-15,Electronics,703.8,11,153.69,East
15,2020-01-16,Electronics,911.85,12,178.82,West
16,2020-01-17,Clothing,975.43,5,243.27,West
17,2020-01-18,Electronics,720.67,11,49.7,South
18,2020-01-19,Furniture,799.66,2,133.79,West
19,2020-01-20,Clothing,515.77,2,46.09,North
20,2020-01-21,Furniture,926.44,10,71.99,West
21,2020-01-22,Clothing,945.23,19,121.77,West
22,2020-01-23,Clothing,519.64,12,63.79,East
23,2020-01-24,Electronics,827.75,9,142.7,South
24,2020-01-25,Furniture,482.82,8,85.58,East
25,2020-01-26,Furniture,763.43,11,43.54,North
26,2020-01-27,Furniture,501.5,12,87.88,South
27,2020-01-28,Electronics,114.76,4,22.09,West
28,2020-01-29,Electronics,625.34,4,73.09,East
29,2020-01-30,Furniture,390.13,4,25.48,West
30,2020-01-31,Electronics,890.7,4,66.85,North
31,2020-02-01,Furniture,107.46,1,14.04,East
32,2020-02-02,Furniture,283.26,18,43.34,North
33,2020-02-03,Clothing,743.25,4,196.76,East
34,2020-02-04,Electronics,388.21,17,70.73,South
35,2020-02-05,Electronics,556.73,16,40.01,West
36,2020-02-06,Grocery,671.64,6,112.79,North
37,2020-02-07,Furniture,913.95,3,58.78,East
38,2020-02-08,Grocery,837.08,7,149.69,South
39,2020-02-09,Grocery,316.25,6,70.14,North
40,2020-02-10,Electronics,587.7,2,91.48,South
41,2020-02-11,Grocery,691.69,15,120.0,North
42,2020-02-12,Furniture,436.19,7,77.59,North
43,2020-02-13,Clothing,890.29,11,92.0,North
44,2020-02-14,Electronics,245.46,1,22.24,South
45,2020-02-15,Clothing,571.58,12,149.69,South
46,2020-02-16,Grocery,942.23,11,184.84,West
47,2020-02-17,Furniture,753.69,8,123.45,West
48,2020-02-18,Furniture,732.16,18,79.45,East
49,2020-02-19,Electronics,855.25,1,54.12,South
50,2020-02-20,Grocery,805.63,4,108.83,North
51,2020-02-21,Grocery,798.76,18,138.19,North
52,2020-02-22,Electronics,876.22,1,81.26,West
53,2020-02-23,Grocery,782.3,19,39.78,East
54,2020-02-24,Clothing,166.57,10,22.68,West
55,2020-02-25,Clothing,762.15,14,149.2,West
56,2020-02-26,Clothing,832.59,4,90.47,West
57,2020-02-27,Furniture,786.01,3,108.7,West
58,2020-02-28,Electronics,676.66,15,165.74,South
59,2020-02-29,Clothing,626.37,16,60.44,East
60,2020-03-01,Electronics,100.09,18,23.99,East
61,2020-03-02,Grocery,254.97,1,26.72,West
62,2020-03-03,Grocery,879.97,9,52.64,South
63,2020-03-04,Clothing,261.3,3,42.27,East
64,2020-03-05,Furniture,380.26,6,96.03,South
65,2020-03-06,Clothing,311.2,5,26.31,South
66,2020-03-07,Furniture,636.6,12,164.02,North
67,2020-03-08,Grocery,998.16,19,195.14,East
68,2020-03-09,Grocery,254.29,1,19.78,North
69,2020-03-10,Furniture,832.53,3,236.09,East
70,2020-03-11,Clothing,219.5,9,42.13,South
71,2020-03-12,Clothing,356.78,1,70.48,North
72,2020-03-13,Clothing,772.01,4,67.72,North
73,2020-03-14,Clothing,253.04,8,31.09,South
74,2020-03-15,Grocery,362.54,13,52.96,West
75,2020-03-16,Clothing,496.43,11,42.22,North
76,2020-03-17,Electronics,828.27,2,106.7,South
77,2020-03-18,Grocery,744.77,3,78.41,North
78,2020-03-19,Furniture,513.03,4,87.8,North
79,2020-03-20,Furniture,962.32,6,79.76,West
80,2020-03-21,Grocery,629.43,14,95.26,West
81,2020-03-22,Electronics,155.36,6,24.43,East
82,2020-03-23,Electronics,681.27,6,58.35,East
83,2020-03-24,Clothing,519.9,17,51.26,South
84,2020-03-25,Furniture,368.59,15,52.9,East
85,2020-03-26,Clothing,865.54,11,53.01,South
86,2020-03-27,Grocery,214.58,6,24.51,South
87,2020-03-28,Electronics,618.69,3,179.46,West
88,2020-03-29,Clothing,460.16,4,37.78,West
89,2020-03-30,Electronics,860.71,16,206.98,East
90,2020-03-31,Clothing,108.68,9,30.2,South
91,2020-04-01,Clothing,532.62,12,92.72,South
92,2020-04-02,Clothing,709.2,19,151.69,South
93,2020-04-03,Furniture,732.83,19,164.86,East
94,2020-04-04,Grocery,111.09,9,23.12,South
95,2020-04-05,Clothing,541.96,10,115.6,East
96,2020-04-06,Electronics,152.26,18,36.53,North
97,2020-04-07,Electronics,743.6,10,84.94,West
98,2020-04-08,Furniture,115.12,12,7.21,East
99,2020-04-09,Electronics,496.72,13,118.67,North
100,2020-04-10,Clothing,625.21,16,141.66,South
101,2020-04-11,Electronics,393.53,7,30.88,East
102,2020-04-12,Clothing,250.98,19,15.34,West
103,2020-04-13,Furniture,175.23,15,42.23,North
104,2020-04-14,Clothing,169.09,5,50.08,South
105,2020-04-15,Clothing,685.79,16,42.8,East
106,2020-04-16,Grocery,297.37,9,34.32,South
107,2020-04-17,Furniture,881.49,4,137.1,South
108,2020-04-18,Clothing,192.24,12,50.97,South
109,2020-04-19,Furniture,939.1,12,52.05,North
110,2020-04-20,Furniture,220.94,4,45.79,West
111,2020-04-21,Grocery,987.51,17,211.32,West
112,2020-04-22,Grocery,342.56,10,54.16,South
113,2020-04-23,Furniture,943.31,16,61.75,East
114,2020-04-24,Grocery,232.64,10,41.78,South
115,2020-04-25,Clothing,118.13,17,12.07,East
116,2020-04-26,Furniture,102.09,6,14.49,South
117,2020-04-27,Furniture,995.8,18,69.8,West
118,2020-04-28,Furniture,431.57,10,115.52,West
119,2020-04-29,Grocery,772.64,15,138.0,East
120,2020-04-30,Electronics,157.84,11,30.69,East
121,2020-05-01,Grocery,458.86,3,115.21,South
122,2020-05-02,Electronics,749.95,9,56.42,West
123,2020-05-03,Grocery,837.6,11,41.89,West
124,2020-05-04,Clothing,267.9,15,43.75,South
125,2020-05-05,Electronics,695.95,17,186.65,East
126,2020-05-06,Furniture,167.09,12,31.35,West
127,2020-05-07,Grocery,176.34,7,37.77,South
128,2020-05-08,Furniture,468.68,14,70.27,West
129,2020-05-09,Grocery,619.87,6,172.02,South
130,2020-05-10,Furniture,589.54,6,54.35,West
131,2020-05-11,Furniture,504.54,10,132.5,East
132,2020-05-12,Clothing,955.08,19,173.68,East
133,2020-05-13,Grocery,350.02,4,60.22,South
134,2020-05-14,Grocery,713.45,6,202.83,West
135,2020-05-15,Grocery,249.35,4,36.49,East
136,2020-05-16,Clothing,794.05,10,88.29,West
137,2020-05-17,Grocery,374.46,9,109.68,South
138,2020-05-18,Clothing,366.11,4,95.47,North
139,2020-05-19,Furniture,375.37,5,33.71,South
140,2020-05-20,Furniture,694.53,2,36.05,South
141,2020-05-21,Clothing,955.46,10,259.95,West
142,2020-05-22,Grocery,619.62,10,71.98,North
143,2020-05-23,Clothing,424.04,3,40.79,East
144,2020-05-24,Furniture,872.86,18,229.97,South
145,2020-05-25,Furniture,835.42,3,73.65,South
146,2020-05-26,Clothing,387.03,14,61.7,East
147,2020-05-27,Grocery,659.35,8,86.78,South
148,2020-05-28,Clothing,808.01,12,118.37,East
149,2020-05-29,Grocery,656.7,7,55.6,South
150,2020-05-30,Clothing,622.52,16,161.84,East
151,2020-05-31,Electronics,915.45,4,251.64,South
152,2020-06-01,Clothing,549.23,4,158.08,South
153,2020-06-02,Clothing,693.9,14,129.94,North
154,2020-06-03,Grocery,432.22,19,51.39,South
155,2020-06-04,Clothing,138.78,1,28.27,East
156,2020-06-05,Furniture,841.84,9,68.44,North
157,2020-06-06,Grocery,476.52,9,39.17,East
158,2020-06-07,Furniture,533.93,11,44.01,South
159,2020-06-08,Electronics,991.33,2,100.2,East
160,2020-06-09,Grocery,338.33,1,90.17,West
161,2020-06-10,Clothing,841.99,10,137.85,East
162,2020-06-11,Electronics,678.97,7,34.52,South
163,2020-06-12,Clothing,626.31,13,64.9,North
164,2020-06-13,Electronics,979.51,18,226.43,South
165,2020-06-14,Clothing,681.01,12,90.29,West
166,2020-06-15,Grocery,658.49,18,45.7,South
167,2020-06-16,Grocery,494.44,13,90.74,North
168,2020-06-17,Electronics,862.1,3,222.39,South
169,2020-06-18,Electronics,231.8,4,25.47,West
170,2020-06-19,Furniture,568.04,14,87.07,East
171,2020-06-20,Electronics,164.41,16,20.35,West
172,2020-06-21,Clothing,145.07,10,21.6,West
173,2020-06-22,Grocery,728.14,18,75.61,East
174,2020-06-23,Grocery,779.11,8,220.77,East
175,2020-06-24,Grocery,774.91,18,86.5,North
176,2020-06-25,Grocery,908.56,18,178.1,South
177,2020-06-26,Clothing,421.54,14,21.51,North
178,2020-06-27,Furniture,440.53,16,91.75,West
179,2020-06-28,Furniture,530.37,16,39.37,South
180,2020-06-29,Electronics,412.99,7,52.48,South
181,2020-06-30,Furniture,918.0,8,226.56,West
182,2020-07-01,Electronics,931.35,8,111.26,West
183,2020-07-02,Furniture,229.23,5,21.78,East
184,2020-07-03,Grocery,321.54,11,47.69,East
185,2020-07-04,Furniture,221.68,10,18.9,South
186,2020-07-05,Clothing,679.39,7,97.06,West
187,2020-07-06,Grocery,516.26,16,44.01,South
188,2020-07-07,Grocery,567.25,7,37.16,North
189,2020-07-08,Furniture,289.78,6,77.85,North
190,2020-07-09,Furniture,511.37,12,39.6,South
191,2020-07-10,Clothing,762.33,16,220.99,East
192,2020-07-11,Grocery,314.1,3,31.96,East
193,2020-07-12,Electronics,662.09,10,121.62,East
194,2020-07-13,Furniture,618.01,8,66.98,North
195,2020-07-14,Furniture,343.73,18,100.19,West
196,2020-07-15,Clothing,690.45,2,158.16,North
197,2020-07-16,Furniture,609.17,4,137.16,South
198,2020-07-17,Clothing,907.08,18,77.03,South
199,2020-07-18,Electronics,366.63,14,108.52,North
200,2020-07-19,Clothing,717.13,17,127.71,West
201,2020-07-20,Clothing,288.12,11,78.92,West
202,2020-07-21,Electronics,157.26,16,14.02,North
203,2020-07-22,Furniture,422.21,9,50.22,East
204,2020-07-23,Grocery,988.44,1,180.8,North
205,2020-07-24,Furniture,588.98,15,99.91,East
206,2020-07-25,Clothing,708.48,5,202.11,North
207,2020-07-26,Clothing,286.01,9,41.02,North
208,2020-07-27,Clothing,805.23,8,72.57,West
209,2020-07-28,Grocery,402.21,12,108.7,South
210,2020-07-29,Clothing,843.55,16,208.99,South
211,2020-07-30,Electronics,340.21,11,68.79,West
212,2020-07-31,Furniture,693.64,1,65.45,South
213,2020-08-01,Electronics,673.47,5,177.33,South
214,2020-08-02,Grocery,500.42,12,54.78,East
215,2020-08-03,Grocery,223.77,1,63.79,East
216,2020-08-04,Grocery,568.53,13,153.88,East
217,2020-08-05,Clothing,398.48,14,74.86,North
218,2020-08-06,Furniture,199.5,17,49.19,East
219,2020-08-07,Electronics,962.9,2,200.34,East
220,2020-08-08,Furniture,762.4,6,143.12,South
221,2020-08-09,Grocery,960.49,5,194.23,North
222,2020-08-10,Electronics,139.42,9,31.57,East
223,2020-08-11,Furniture,534.67,6,152.49,North
224,2020-08-12,Furniture,437.76,18,130.17,West
225,2020-08-13,Clothing,415.96,11,41.6,North
226,2020-08-14,Electronics,703.44,9,163.22,South
227,2020-08-15,Electronics,713.85,17,210.4,North
228,2020-08-16,Clothing,630.58,8,32.37,North
229,2020-08-17,Grocery,347.04,5,36.47,North
230,2020-08-18,Furniture,898.37,5,197.9,East
231,2020-08-19,Furniture,679.13,12,115.28,West
232,2020-08-20,Electronics,411.92,14,118.46,North
233,2020-08-21,Clothing,118.64,3,7.34,West
234,2020-08-22,Clothing,463.81,8,111.82,West
235,2020-08-23,Furniture,359.51,2,22.99,West
236,2020-08-24,Furniture,242.42,13,64.47,South
237,2020-08-25,Electronics,682.16,12,80.27,South
238,2020-08-26,Furniture,538.95,8,88.95,East
239,2020-08-27,Clothing,948.63,16,205.66,North
240,2020-08-28,Electronics,660.85,9,84.04,South
241,2020-08-29,Electronics,947.46,5,115.64,South
242,2020-08-30,Electronics,440.21,3,50.38,West
243,2020-08-31,Furniture,509.92,3,143.37,East
244,2020-09-01,Furniture,992.61,18,138.05,West
245,2020-09-02,Grocery,879.55,5,93.58,North
246,2020-09-03,Clothing,402.29,6,29.58,West
247,2020-09-04,Furniture,998.76,13,266.19,East
248,2020-09-05,Electronics,172.22,18,17.71,East
249,2020-09-06,Electronics,352.98,14,47.36,North
250,2020-09-07,Grocery,436.33,4,22.18,West
251,2020-09-08,Furniture,173.71,13,47.5,South
252,2020-09-09,Furniture,419.4,16,21.79,West
253,2020-09-10,Electronics,289.58,16,68.56,South
254,2020-09-11,Clothing,110.9,2,28.35,West
255,2020-09-12,Grocery,285.58,8,64.86,West
256,2020-09-13,Furniture,821.05,16,98.55,South
257,2020-09-14,Grocery,756.36,19,198.19,South
258,2020-09-15,Clothing,466.83,11,124.2,South
259,2020-09-16,Furniture,369.93,2,25.88,South
260,2020-09-17,Clothing,282.94,4,18.47,South
261,2020-09-18,Electronics,759.7,1,192.98,East
262,2020-09-19,Furniture,334.69,8,58.15,North
263,2020-09-20,Furniture,346.47,11,95.73,West
264,2020-09-21,Furniture,107.45,8,15.57,South
265,2020-09-22,Furniture,875.78,15,117.45,South
266,2020-09-23,Furniture,989.63,9,188.69,South
267,2020-09-24,Furniture,818.5,9,152.74,North
268,2020-09-25,Electronics,828.84,3,138.23,South
269,2020-09-26,Furniture,860.55,7,99.24,South
270,2020-09-27,Furniture,341.37,7,98.75,South
271,2020-09-28,Furniture,146.28,17,26.18,South
272,2020-09-29,Electronics,779.65,18,153.94,East
273,2020-09-30,Furniture,198.07,2,24.17,North
274,2020-10-01,Furniture,399.13,17,22.57,North
275,2020-10-02,Grocery,534.19,17,127.15,East
276,2020-10-03,Clothing,332.31,9,78.55,South
277,2020-10-04,Furniture,410.8,7,34.23,South
278,2020-10-05,Grocery,198.4,8,50.11,North
279,2020-10-06,Grocery,816.48,1,158.93,West
280,2020-10-07,Electronics,696.45,12,147.97,East
281,2020-10-08,Grocery,305.98,14,72.38,East
282,2020-10-09,Electronics,515.0,6,95.0,West
283,2020-10-10,Electronics,749.46,12,84.92,West
284,2020-10-11,Clothing,652.0,12,156.4,South
285,2020-10-12,Grocery,191.38,5,49.09,East
286,2020-10-13,Electronics,792.89,5,50.5,South
287,2020-10-14,Electronics,228.37,3,35.44,South
288,2020-10-15,Electronics,503.99,11,62.44,South
289,2020-10-16,Grocery,139.74,10,20.24,North
290,2020-10-17,Grocery,645.5,12,132.76,East
291,2020-10-18,Furniture,752.58,8,144.38,East
292,2020-10-19,Furniture,930.65,18,188.02,West
293,2020-10-20,Electronics,865.02,15,194.44,North
294,2020-10-21,Grocery,992.21,19,289.55,South
295,2020-10-22,Furniture,459.11,19,38.66,South
296,2020-10-23,Grocery,623.95,1,72.3,West
297,2020-10-24,Grocery,789.85,15,106.28,West
298,2020-10-25,Grocery,713.55,3,189.26,South
299,2020-10-26,Electronics,964.86,15,240.98,East
300,2020-10-27,Clothing,737.5,14,127.03,North
301,2020-10-28,Clothing,640.92,19,118.97,South
302,2020-10-29,Clothing,689.83,18,202.35,South
303,2020-10-30,Furniture,694.07,15,59.09,East
304,2020-10-31,Grocery,843.56,7,143.02,West
305,2020-11-01,Clothing,127.1,14,21.25,South
306,2020-11-02,Grocery,657.2,6,140.4,East
307,2020-11-03,Furniture,498.58,12,55.35,South
308,2020-11-04,Furniture,799.92,4,96.3,South
309,2020-11-05,Clothing,810.41,6,56.68,South
310,2020-11-06,Furniture,879.77,12,133.85,West
311,2020-11-07,Clothing,172.58,10,23.33,North
312,2020-11-08,Grocery,540.26,10,143.14,West
313,2020-11-09,Electronics,763.02,11,88.29,North
314,2020-11-10,Clothing,278.08,12,24.84,East
315,2020-11-11,Grocery,368.38,3,91.64,West
316,2020-11-12,Electronics,903.48,11,71.6,East
317,2020-11-13,Grocery,532.83,16,131.22,South
318,2020-11-14,Electronics,457.96,19,53.34,East
319,2020-11-15,Clothing,167.96,9,33.5,South
320,2020-11-16,Furniture,981.87,17,80.33,West
321,2020-11-17,Furniture,880.03,15,263.27,North
322,2020-11-18,Clothing,522.27,7,33.79,South
323,2020-11-19,Grocery,314.8,17,25.28,North
324,2020-11-20,Furniture,596.23,15,173.68,South
325,2020-11-21,Furniture,303.42,8,88.82,East
326,2020-11-22,Electronics,730.91,15,65.11,North
327,2020-11-23,Grocery,167.84,19,40.05,North
328,2020-11-24,Clothing,125.45,17,31.48,West
329,2020-11-25,Furniture,558.76,10,152.03,West
330,2020-11-26,Electronics,505.08,12,151.16,South
331,2020-11-27,Electronics,389.7,12,79.43,South
332,2020-11-28,Furniture,815.63,17,210.08,East
333,2020-11-29,Electronics,576.42,9,33.92,West
334,2020-11-30,Furniture,797.78,3,164.04,North
335,2020-12-01,Grocery,186.15,11,26.5,North
336,2020-12-02,Electronics,173.08,12,48.2,West
337,2020-12-03,Clothing,711.2,3,108.22,West
338,2020-12-04,Electronics,953.5,16,52.36,West
339,2020-12-05,Electronics,757.75,12,177.88,East
340,2020-12-06,Electronics,734.52,19,172.92,South
341,2020-12-07,Furniture,251.7,17,71.28,East
342,2020-12-08,Furniture,618.16,14,157.25,South
343,2020-12-09,Furniture,483.74,11,122.74,West
344,2020-12-10,Furniture,523.6,1,60.7,West
345,2020-12-11,Grocery,840.94,19,187.45,South
346,2020-12-12,Electronics,363.5,3,91.06,North
347,2020-12-13,Grocery,191.91,13,47.57,North
348,2020-12-14,Grocery,261.51,5,42.98,South
349,2020-12-15,Furniture,351.98,12,96.85,West
350,2020-12-16,Grocery,770.1,5,48.69,West
351,2020-12-17,Furniture,389.46,14,114.7,East
352,2020-12-18,Electronics,324.42,16,39.78,East
353,2020-12-19,Clothing,558.61,5,123.38,East
354,2020-12-20,Furniture,333.01,17,30.11,West
355,2020-12-21,Grocery,808.13,7,194.44,East
356,2020-12-22,Electronics,647.77,11,89.89,West
357,2020-12-23,Electronics,619.01,3,92.12,West
358,2020-12-24,Electronics,516.91,16,99.27,North
359,2020-12-25,Grocery,899.21,2,260.83,West
360,2020-12-26,Furniture,639.8,8,160.08,West
361,2020-12-27,Grocery,636.44,17,154.54,West
362,2020-12-28,Grocery,252.7,10,21.08,East
363,2020-12-29,Electronics,153.18,5,24.75,South
364,2020-12-30,Clothing,860.59,15,201.07,South
365,2020-12-31,Clothing,143.01,2,33.26,East
366,2021-01-01,Grocery,355.02,18,81.63,East
367,2021-01-02,Electronics,360.38,9,74.43,West
368,2021-01-03,Electronics,413.59,8,56.64,North
369,2021-01-04,Electronics,809.58,12,92.14,East
370,2021-01-05,Furniture,225.0,5,18.0,West
371,2021-01-06,Clothing,903.84,10,95.28,West
372,2021-01-07,Electronics,516.35,2,75.19,North
373,2021-01-08,Grocery,716.46,15,187.2,West
374,2021-01-09,Clothing,296.7,13,29.6,West
375,2021-01-10,Grocery,808.13,10,61.58,North
376,2021-01-11,Electronics,144.61,10,32.82,South
377,2021-01-12,Clothing,838.65,5,243.97,South
378,2021-01-13,Clothing,900.72,14,264.7,South
379,2021-01-14,Clothing,361.5,6,67.52,East
380,2021-01-15,Furniture,173.95,15,45.41,North
381,2021-01-16,Electronics,233.33,1,24.12,West
382,2021-01-17,Grocery,833.13,15,170.03,North
383,2021-01-18,Grocery,324.8,14,86.99,North
384,2021-01-19,Electronics,206.82,3,51.34,West
385,2021-01-20,Furniture,114.83,8,18.27,South
386,2021-01-21,Clothing,840.55,6,112.53,East
387,2021-01-22,Grocery,422.75,9,74.09,South
388,2021-01-23,Clothing,148.42,12,19.87,North
389,2021-01-24,Electronics,897.27,16,162.38,South
390,2021-01-25,Electronics,634.9,1,96.24,East
391,2021-01-26,Electronics,407.44,19,116.23,East
392,2021-01-27,Grocery,829.34,7,139.1,West
393,2021-01-28,Furniture,257.21,5,33.25,South
394,2021-01-29,Electronics,950.37,13,197.37,North
395,2021-01-30,Clothing,944.16,10,197.01,South
396,2021-01-31,Furniture,431.13,6,57.36,West
397,2021-02-01,Grocery,790.43,16,141.33,North
398,2021-02-02,Grocery,434.6,15,95.78,North
399,2021-02-03,Electronics,126.02,6,26.15,South
400,2021-02-04,Electronics,709.1,9,181.44,North
401,2021-02-05,Clothing,945.28,4,277.11,East
402,2021-02-06,Clothing,857.16,3,247.36,West
403,2021-02-07,Clothing,929.89,10,234.69,West
404,2021-02-08,Electronics,162.65,1,46.12,East
405,2021-02-09,Grocery,755.54,4,181.5,South
406,2021-02-10,Electronics,894.42,2,193.19,East
407,2021-02-11,Electronics,199.79,16,29.81,North
408,2021-02-12,Grocery,336.1,9,92.65,West
409,2021-02-13,Grocery,671.29,15,140.35,North
410,2021-02-14,Clothing,446.18,14,95.91,West
411,2021-02-15,Electronics,266.38,16,74.77,West
412,2021-02-16,Grocery,869.43,3,153.59,East
413,2021-02-17,Electronics,988.89,9,50.59,North
414,2021-02-18,Grocery,713.91,14,161.02,West
415,2021-02-19,Clothing,331.89,8,93.59,East
416,2021-02-20,Furniture,920.0,8,62.31,West
417,2021-02-21,Clothing,581.66,7,135.56,South
418,2021-02-22,Grocery,389.94,6,82.94,South
419,2021-02-23,Grocery,737.31,19,143.88,South
420,2021-02-24,Electronics,721.55,2,37.47,West
421,2021-02-25,Furniture,692.93,10,206.84,East
422,2021-02-26,Clothing,652.51,10,136.91,South
423,2021-02-27,Electronics,351.46,13,42.66,North
424,2021-02-28,Furniture,226.19,2,16.63,North
425,2021-03-01,Furniture,914.75,4,54.15,North
426,2021-03-02,Electronics,886.79,8,130.82,North
427,2021-03-03,Electronics,178.15,1,50.97,North
428,2021-03-04,Grocery,298.65,7,30.13,West
429,2021-03-05,Furniture,743.17,18,199.05,East
430,2021-03-06,Grocery,263.39,18,28.78,North
431,2021-03-07,Clothing,780.37,5,159.87,West
432,2021-03-08,Clothing,233.05,14,56.22,North
433,2021-03-09,Clothing,511.96,9,89.87,North
434,2021-03-10,Clothing,802.5,9,213.73,South
435,2021-03-11,Grocery,752.98,18,51.67,South
436,2021-03-12,Clothing,592.89,4,99.59,North
437,2021-03-13,Electronics,398.39,6,57.81,West
438,2021-03-14,Furniture,293.04,19,20.05,South
439,2021-03-15,Grocery,717.89,1,202.19,South
440,2021-03-16,Clothing,193.84,3,39.56,West
441,2021-03-17,Clothing,725.32,19,96.02,South
442,2021-03-18,Clothing,316.66,13,82.78,West
443,2021-03-19,Electronics,544.85,14,130.15,West
444,2021-03-20,Furniture,649.14,2,47.46,East
445,2021-03-21,Clothing,337.75,18,87.53,North
446,2021-03-22,Electronics,522.82,2,59.24,South
447,2021-03-23,Grocery,576.13,19,170.88,South
448,2021-03-24,Furniture,798.83,10,210.03,South
449,2021-03-25,Furniture,736.39,11,200.12,North
450,2021-03-26,Clothing,843.59,11,169.88,East
451,2021-03-27,Clothing,711.93,17,90.24,West
452,2021-03-28,Grocery,686.81,16,154.54,South
453,2021-03-29,Grocery,187.98,10,51.41,West
454,2021-03-30,Furniture,660.29,17,110.88,South
455,2021-03-31,Grocery,275.85,4,21.21,North
456,2021-04-01,Electronics,806.97,4,192.51,South
457,2021-04-02,Grocery,937.21,16,117.01,South
458,2021-04-03,Furniture,550.4,14,83.3,South
459,2021-04-04,Clothing,949.37,10,141.12,South
460,2021-04-05,Clothing,448.19,14,60.18,South
461,2021-04-06,Grocery,237.41,12,28.09,West
462,2021-04-07,Electronics,977.82,17,134.13,West
463,2021-04-08,Electronics,592.75,16,107.92,North
464,2021-04-09,Clothing,949.65,4,203.02,South
465,2021-04-10,Electronics,207.58,2,14.75,West
466,2021-04-11,Electronics,348.24,9,44.03,South
467,2021-04-12,Grocery,789.99,7,41.88,North
468,2021-04-13,Furniture,284.45,6,42.16,North
469,2021-04-14,Electronics,753.94,15,72.7,East
470,2021-04-15,Grocery,671.23,1,169.12,West
471,2021-04-16,Grocery,650.35,18,193.08,North
472,2021-04-17,Clothing,253.97,1,62.34,West
473,2021-04-18,Grocery,786.27,12,52.34,East
474,2021-04-19,Grocery,291.66,1,18.96,North
475,2021-04-20,Clothing,844.51,17,122.04,South
476,2021-04-21,Furniture,965.95,17,273.3,South
477,2021-04-22,Clothing,388.61,10,106.15,North
478,2021-04-23,Clothing,647.85,8,121.7,East
479,2021-04-24,Furniture,110.51,15,9.29,North
480,2021-04-25,Clothing,119.57,2,13.25,West
481,2021-04-26,Electronics,826.55,3,247.08,East
482,2021-04-27,Furniture,463.92,6,67.45,South
483,2021-04-28,Furniture,269.34,10,48.72,West
484,2021-04-29,Electronics,560.29,19,90.46,East
485,2021-04-30,Furniture,767.55,18,219.35,North
486,2021-05-01,Electronics,209.0,14,24.0,North
487,2021-05-02,Clothing,705.3,15,67.07,East
488,2021-05-03,Electronics,757.21,5,171.69,East
489,2021-05-04,Clothing,798.72,8,93.04,South
490,2021-05-05,Electronics,172.2,18,51.58,East
491,2021-05-06,Furniture,647.99,15,163.9,North
492,2021-05-07,Furniture,251.37,19,33.78,North
493,2021-05-08,Electronics,327.46,13,77.51,North
494,2021-05-09,Furniture,506.59,19,37.26,North
495,2021-05-10,Grocery,724.18,13,156.41,North
496,2021-05-11,Clothing,631.63,10,174.36,West
497,2021-05-12,Electronics,713.24,8,212.71,North
498,2021-05-13,Furniture,825.26,13,100.49,North
499,2021-05-14,Electronics,841.98,19,44.7,North
500,2021-05-15,Furniture,656.69,2,130.73,East
501,2021-05-16,Electronics,110.62,18,27.29,West
502,2021-05-17,Grocery,872.91,3,55.87,East
503,2021-05-18,Electronics,789.53,5,102.9,South
504,2021-05-19,Clothing,708.51,10,196.26,South
505,2021-05-20,Clothing,934.72,13,158.87,North
506,2021-05-21,Furniture,568.92,12,111.58,West
507,2021-05-22,Furniture,170.09,4,18.77,North
508,2021-05-23,Furniture,434.82,1,56.94,West
509,2021-05-24,Clothing,891.82,3,106.25,North
510,2021-05-25,Clothing,722.16,12,42.27,East
511,2021-05-26,Clothing,173.81,17,30.01,West
512,2021-05-27,Electronics,120.15,14,24.57,West
513,2021-05-28,Grocery,499.01,15,70.26,South
514,2021-05-29,Grocery,752.61,13,161.42,West
515,2021-05-30,Clothing,317.91,16,88.83,North
516,2021-05-31,Furniture,665.72,11,188.97,South
517,2021-06-01,Furniture,224.5,19,61.03,South
518,2021-06-02,Grocery,576.31,12,111.22,North
519,2021-06-03,Clothing,991.97,5,279.81,East
520,2021-06-04,Electronics,120.34,6,16.63,West
521,2021-06-05,Clothing,284.89,19,38.15,South
522,2021-06-06,Furniture,848.64,15,215.43,North
523,2021-06-07,Grocery,333.9,5,96.04,West
524,2021-06-08,Furniture,896.36,16,254.7,West
525,2021-06-09,Electronics,566.42,4,133.09,South
526,2021-06-10,Clothing,305.99,3,15.59,North
527,2021-06-11,Furniture,346.63,13,48.63,South
528,2021-06-12,Electronics,804.69,8,233.63,South
529,2021-06-13,Furniture,423.7,11,97.25,South
530,2021-06-14,Electronics,953.08,9,197.73,North
531,2021-06-15,Electronics,222.5,14,33.37,North
532,2021-06-16,Grocery,389.21,11,61.58,East
533,2021-06-17,Electronics,219.34,7,27.19,North
534,2021-06-18,Electronics,914.91,11,210.03,South
535,2021-06-19,Furniture,980.04,14,232.28,South
536,2021-06-20,Electronics,576.15,16,132.12,South
537,2021-06-21,Clothing,895.22,18,51.04,South
538,2021-06-22,Electronics,750.4,15,210.22,South
539,2021-06-23,Clothing,883.46,9,162.87,East
540,2021-06-24,Clothing,166.73,14,14.69,East
541,2021-06-25,Electronics,991.8,13,246.87,North
542,2021-06-26,Furniture,156.68,14,40.87,West
543,2021-06-27,Clothing,897.58,18,131.54,North
544,2021-06-28,Furniture,229.22,18,20.65,East
545,2021-06-29,Clothing,783.99,3,148.47,North
546,2021-06-30,Grocery,948.06,16,157.87,South
547,2021-07-01,Grocery,375.95,12,77.02,South
548,2021-07-02,Grocery,321.46,8,59.1,East
549,2021-07-03,Electronics,617.52,11,69.26,North
550,2021-07-04,Clothing,199.44,16,50.16,South
551,2021-07-05,Furniture,468.25,13,78.71,West
552,2021-07-06,Electronics,370.0,13,19.48,East
553,2021-07-07,Grocery,103.73,10,6.6,West
554,2021-07-08,Electronics,176.59,19,23.34,West
555,2021-07-09,Electronics,736.19,6,207.46,West
556,2021-07-10,Furniture,448.39,13,30.34,South
557,2021-07-11,Grocery,546.54,4,82.52,East
558,2021-07-12,Clothing,521.24,4,73.71,West
559,2021-07-13,Clothing,103.61,11,30.38,South
560,2021-07-14,Grocery,224.05,1,14.17,East
561,2021-07-15,Electronics,549.15,5,103.43,South
562,2021-07-16,Furniture,102.48,14,29.46,North
563,2021-07-17,Grocery,582.68,18,143.8,South
564,2021-07-18,Furniture,609.37,14,123.83,North
565,2021-07-19,Grocery,955.6,5,268.53,West
566,2021-07-20,Grocery,255.6,6,43.24,North
567,2021-07-21,Electronics,142.64,8,12.77,South
568,2021-07-22,Electronics,978.37,7,208.95,West
569,2021-07-23,Clothing,689.75,14,92.57,North
570,2021-07-24,Grocery,888.15,18,206.49,North
571,2021-07-25,Furniture,659.7,17,173.66,South
572,2021-07-26,Grocery,646.81,15,189.73,South
573,2021-07-27,Clothing,270.09,7,44.82,South
574,2021-07-28,Furniture,688.48,19,180.57,South
575,2021-07-29,Grocery,320.49,18,18.27,South
576,2021-07-30,Furniture,846.79,12,110.62,South
577,2021-07-31,Furniture,150.62,9,10.01,South
578,2021-08-01,Electronics,280.72,8,82.08,East
579,2021-08-02,Clothing,775.84,10,231.13,North
580,2021-08-03,Grocery,319.53,11,73.35,East
581,2021-08-04,Grocery,752.84,4,123.73,North
582,2021-08-05,Grocery,409.25,7,98.72,North
583,2021-08-06,Electronics,711.92,15,186.5,West
584,2021-08-07,Grocery,734.45,3,111.87,West
585,2021-08-08,Electronics,436.99,10,96.51,East
586,2021-08-09,Clothing,620.11,12,83.38,East
587,2021-08-10,Clothing,741.8,1,73.96,West
588,2021-08-11,Grocery,434.76,16,58.36,West
589,2021-08-12,Electronics,151.52,7,44.03,South
590,2021-08-13,Furniture,620.92,19,63.55,South
591,2021-08-14,Electronics,941.55,1,117.94,North
592,2021-08-15,Grocery,406.24,10,20.77,East
593,2021-08-16,Electronics,761.31,1,166.3,North
594,2021-08-17,Furniture,911.95,7,156.78,North
595,2021-08-18,Furniture,860.43,3,219.66,South
596,2021-08-19,Electronics,698.19,15,62.36,North
597,2021-08-20,Furniture,108.23,7,13.38,South
598,2021-08-21,Electronics,598.43,14,169.56,East
599,2021-08-22,Electronics,507.28,8,40.84,East
600,2021-08-23,Electronics,108.98,11,22.61,East
601,2021-08-24,Electronics,180.65,7,9.58,East
602,2021-08-25,Furniture,809.67,3,160.59,West
603,2021-08-26,Clothing,887.12,3,204.25,West
604,2021-08-27,Furniture,571.96,18,45.97,North
605,2021-08-28,Electronics,421.59,18,95.52,South
606,2021-08-29,Grocery,644.03,10,125.98,East
607,2021-08-30,Clothing,207.33,17,49.67,North
608,2021-08-31,Grocery,985.2,2,294.15,South
609,2021-09-01,Furniture,861.96,3,137.71,North
610,2021-09-02,Grocery,712.45,17,46.09,South
611,2021-09-03,Furniture,614.87,13,35.6,North
612,2021-09-04,Electronics,427.92,12,92.53,West
613,2021-09-05,Electronics,574.75,3,163.32,East
614,2021-09-06,Electronics,212.45,15,23.24,North
615,2021-09-07,Electronics,141.21,18,21.55,East
616,2021-09-08,Furniture,647.22,6,72.91,South
617,2021-09-09,Grocery,734.68,7,38.49,East
618,2021-09-10,Furniture,659.07,11,174.29,East
619,2021-09-11,Electronics,848.74,6,108.87,North
620,2021-09-12,Grocery,448.38,15,40.37,West
621,2021-09-13,Grocery,540.13,6,44.33,West
622,2021-09-14,Furniture,516.54,8,131.91,South
623,2021-09-15,Clothing,876.82,18,74.32,West
624,2021-09-16,Furniture,287.63,10,24.92,East
625,2021-09-17,Electronics,346.32,18,46.24,West
626,2021-09-18,Grocery,781.39,8,90.99,East
627,2021-09-19,Clothing,320.09,17,58.42,South
628,2021-09-20,Grocery,848.37,4,214.07,North
629,2021-09-21,Electronics,816.92,1,184.88,West
630,2021-09-22,Furniture,760.35,9,223.26,East
631,2021-09-23,Furniture,491.67,2,45.2,East
632,2021-09-24,Electronics,905.29,10,88.45,East
633,2021-09-25,Clothing,957.4,5,277.16,West
634,2021-09-26,Grocery,793.36,13,127.41,East
635,2021-09-27,Grocery,836.36,17,154.23,West
636,2021-09-28,Grocery,678.78,4,191.61,East
637,2021-09-29,Electronics,112.86,12,23.54,East
638,2021-09-30,Electronics,216.8,5,47.03,South
639,2021-10-01,Clothing,251.79,15,51.54,South
640,2021-10-02,Grocery,240.47,18,67.46,North
641,2021-10-03,Grocery,734.7,4,214.38,East
642,2021-10-04,Clothing,666.05,4,61.65,West
643,2021-10-05,Clothing,206.98,7,50.15,South
644,2021-10-06,Grocery,639.45,19,177.86,South
645,2021-10-07,Furniture,929.22,10,253.79,North
646,2021-10-08,Clothing,344.88,10,95.62,East
647,2021-10-09,Grocery,996.95,5,214.78,East
648,2021-10-10,Grocery,241.8,12,26.01,North
649,2021-10-11,Grocery,112.38,19,17.51,West
650,2021-10-12,Electronics,544.24,19,68.73,East
651,2021-10-13,Clothing,797.95,10,147.5,East
652,2021-10-14,Grocery,269.66,2,76.6,South
653,2021-10-15,Grocery,616.56,5,167.28,South
654,2021-10-16,Electronics,892.27,7,68.45,West
655,2021-10-17,Grocery,833.11,4,209.02,East
656,2021-10-18,Electronics,206.62,14,58.35,East
657,2021-10-19,Clothing,163.93,3,10.96,North
658,2021-10-20,Clothing,608.9,3,157.77,North
659,2021-10-21,Furniture,749.4,7,148.64,North
660,2021-10-22,Electronics,180.84,13,49.23,West
661,2021-10-23,Clothing,145.27,7,12.96,South
662,2021-10-24,Grocery,955.87,10,219.9,South
663,2021-10-25,Clothing,911.25,1,228.28,West
664,2021-10-26,Clothing,996.67,17,242.99,East
665,2021-10-27,Grocery,810.39,4,126.63,West
666,2021-10-28,Clothing,677.11,14,132.03,North
667,2021-10-29,Furniture,343.74,5,38.53,West
668,2021-10-30,Clothing,487.34,9,38.77,North
669,2021-10-31,Grocery,962.85,19,81.12,North
670,2021-11-01,Furniture,565.48,7,34.84,East
671,2021-11-02,Furniture,107.84,16,20.93,North
672,2021-11-03,Electronics,471.23,19,138.07,East
673,2021-11-04,Grocery,486.91,10,29.83,East
674,2021-11-05,Electronics,566.42,13,67.47,South
675,2021-11-06,Grocery,389.78,17,36.37,West
676,2021-11-07,Clothing,592.55,14,56.33,West
677,2021-11-08,Grocery,617.8,15,71.0,East
678,2021-11-09,Clothing,433.53,1,24.34,North
679,2021-11-10,Furniture,145.26,11,33.02,East
680,2021-11-11,Furniture,865.54,2,72.74,West
681,2021-11-12,Clothing,416.19,19,101.98,East
682,2021-11-13,Clothing,452.96,13,79.56,South
683,2021-11-14,Clothing,159.06,8,45.5,South
684,2021-11-15,Furniture,554.95,13,113.85,North
685,2021-11-16,Furniture,236.5,5,37.65,East
686,2021-11-17,Furniture,988.93,12,68.86,South
687,2021-11-18,Furniture,947.04,3,234.14,South
688,2021-11-19,Clothing,688.91,15,120.35,West
689,2021-11-20,Electronics,941.86,19,242.17,North
690,2021-11-21,Furniture,380.3,9,35.78,West
691,2021-11-22,Clothing,933.67,14,81.19,North
692,2021-11-23,Electronics,864.19,18,203.17,South
693,2021-11-24,Furniture,617.44,16,110.22,East
694,2021-11-25,Electronics,316.91,10,41.87,South
695,2021-11-26,Furniture,417.1,4,41.38,South
696,2021-11-27,Electronics,323.95,13,56.19,East
697,2021-11-28,Furniture,533.3,14,100.07,East
698,2021-11-29,Grocery,798.42,9,81.31,South
699,2021-11-30,Grocery,525.95,5,37.98,East
700,2021-12-01,Electronics,509.17,19,145.7,North
701,2021-12-02,Grocery,832.39,14,137.83,West
702,2021-12-03,Clothing,918.7,9,138.64,North
703,2021-12-04,Clothing,271.21,2,58.68,East
704,2021-12-05,Furniture,627.68,11,163.33,East
705,2021-12-06,Clothing,686.93,13,177.25,West
706,2021-12-07,Furniture,333.49,7,94.31,North
707,2021-12-08,Grocery,955.6,14,134.72,West
708,2021-12-09,Clothing,466.68,17,124.91,East
709,2021-12-10,Grocery,402.27,10,101.33,West
710,2021-12-11,Electronics,377.7,12,45.34,North
711,2021-12-12,Furniture,922.34,17,89.02,North
712,2021-12-13,Electronics,901.35,6,224.75,South
713,2021-12-14,Electronics,256.59,12,52.77,West
714,2021-12-15,Grocery,630.17,13,108.42,East
715,2021-12-16,Clothing,826.45,18,120.16,North
716,2021-12-17,Electronics,754.58,12,183.48,West
717,2021-12-18,Electronics,781.76,6,152.85,South
718,2021-12-19,Grocery,985.08,14,78.94,South
719,2021-12-20,Grocery,575.79,1,66.48,West
720,2021-12-21,Clothing,647.35,10,180.06,South
721,2021-12-22,Clothing,365.42,5,82.52,North
722,2021-12-23,Clothing,240.72,11,29.21,South
723,2021-12-24,Grocery,392.21,16,67.1,East
724,2021-12-25,Grocery,356.31,10,38.02,West
725,2021-12-26,Clothing,401.64,12,77.5,West
726,2021-12-27,Grocery,515.01,11,133.78,West
727,2021-12-28,Electronics,772.18,16,180.36,North
728,2021-12-29,Furniture,305.3,14,91.23,South
729,2021-12-30,Clothing,154.69,14,10.99,East
730,2021-12-31,Electronics,807.43,3,48.45,East
731,2022-01-01,Electronics,162.95,17,35.81,North
732,2022-01-02,Furniture,398.59,12,98.5,East
733,2022-01-03,Furniture,760.11,3,218.57,East
734,2022-01-04,Furniture,555.22,3,118.69,East
735,2022-01-05,Grocery,151.22,15,22.33,East
736,2022-01-06,Clothing,492.33,17,26.3,North
737,2022-01-07,Electronics,710.37,12,106.82,East
738,2022-01-08,Furniture,776.64,19,218.9,South
739,2022-01-09,Grocery,803.73,12,102.21,North
740,2022-01-10,Electronics,482.23,2,99.88,North
741,2022-01-11,Electronics,562.3,17,59.49,South
742,2022-01-12,Electronics,897.84,13,102.75,East
743,2022-01-13,Grocery,462.61,13,82.26,North
744,2022-01-14,Electronics,449.72,10,99.92,West
745,2022-01-15,Furniture,288.29,17,55.18,East
746,2022-01-16,Clothing,488.79,11,66.7,South
747,2022-01-17,Furniture,122.24,18,29.88,North
748,2022-01-18,Grocery,994.72,3,189.85,North
749,2022-01-19,Grocery,393.86,17,92.31,West
750,2022-01-20,Electronics,946.44,16,142.21,South
751,2022-01-21,Clothing,781.84,15,145.18,East
752,2022-01-22,Grocery,656.2,4,169.65,East
753,2022-01-23,Electronics,200.06,11,32.82,North
754,2022-01-24,Clothing,256.98,14,25.84,East
755,2022-01-25,Clothing,166.35,11,10.32,West
756,2022-01-26,Electronics,411.45,6,43.46,North
757,2022-01-27,Electronics,555.08,9,134.95,East
758,2022-01-28,Grocery,253.77,5,63.16,South
759,2022-01-29,Furniture,915.19,13,69.13,East
760,2022-01-30,Furniture,472.35,7,135.98,West
761,2022-01-31,Grocery,935.37,10,239.93,West
762,2022-02-01,Electronics,694.0,8,119.5,West
763,2022-02-02,Furniture,462.73,6,55.86,East
764,2022-02-03,Grocery,649.67,5,104.78,South
765,2022-02-04,Clothing,772.56,18,60.15,North
766,2022-02-05,Grocery,751.61,2,105.96,West
767,2022-02-06,Furniture,542.13,12,105.79,West
768,2022-02-07,Grocery,980.42,14,280.78,East
769,2022-02-08,Clothing,768.42,3,180.37,East
770,2022-02-09,Grocery,808.87,18,142.24,West
771,2022-02-10,Furniture,912.6,16,261.65,East
772,2022-02-11,Electronics,723.25,6,98.33,South
773,2022-02-12,Grocery,836.52,3,68.95,West
774,2022-02-13,Furniture,476.35,6,118.34,South
775,2022-02-14,Furniture,685.26,8,110.25,East
776,2022-02-15,Electronics,177.42,12,39.51,East
777,2022-02-16,Furniture,843.0,9,180.64,East
778,2022-02-17,Electronics,195.36,2,30.33,North
779,2022-02-18,Clothing,277.87,2,56.46,South
780,2022-02-19,Furniture,698.31,2,76.97,East
781,2022-02-20,Electronics,517.79,18,112.53,East
782,2022-02-21,Clothing,920.9,6,64.14,South
783,2022-02-22,Grocery,583.12,9,47.31,West
784,2022-02-23,Clothing,197.75,11,50.9,West
785,2022-02-24,Furniture,432.51,13,97.94,West
786,2022-02-25,Clothing,797.05,7,46.48,East
787,2022-02-26,Clothing,106.4,18,7.62,South
788,2022-02-27,Clothing,610.26,6,159.21,East
789,2022-02-28,Grocery,342.39,10,81.06,South
790,2022-03-01,Grocery,230.11,5,68.42,West
791,2022-03-02,Clothing,584.07,15,129.47,West
792,2022-03-03,Clothing,194.89,3,21.61,South
793,2022-03-04,Furniture,178.99,3,46.17,West
794,2022-03-05,Grocery,113.61,3,12.67,West
795,2022-03-06,Furniture,688.9,15,121.93,East
796,2022-03-07,Clothing,578.76,4,89.1,East
797,2022-03-08,Furniture,253.74,11,32.92,East
798,2022-03-09,Furniture,356.71,9,59.15,West
799,2022-03-10,Electronics,467.63,8,116.68,East
800,2022-03-11,Grocery,261.97,10,20.97,West
801,2022-03-12,Electronics,904.05,17,74.33,South
802,2022-03-13,Clothing,942.13,17,178.98,North
803,2022-03-14,Clothing,762.56,19,160.05,South
804,2022-03-15,Grocery,450.81,6,76.14,West
805,2022-03-16,Grocery,743.64,14,222.99,West
806,2022-03-17,Clothing,202.62,11,22.49,North
807,2022-03-18,Furniture,489.99,15,95.09,North
808,2022-03-19,Electronics,277.49,12,69.18,South
809,2022-03-20,Electronics,582.45,1,149.41,West
810,2022-03-21,Furniture,400.33,17,93.6,North
811,2022-03-22,Electronics,539.64,8,97.25,North
812,2022-03-23,Grocery,255.62,17,61.3,West
813,2022-03-24,Grocery,507.47,2,71.24,South
814,2022-03-25,Grocery,700.82,19,132.61,North
815,2022-03-26,Furniture,984.29,10,210.62,West
816,2022-03-27,Grocery,976.31,10,246.34,East
817,2022-03-28,Electronics,401.13,17,55.2,East
818,2022-03-29,Grocery,691.93,5,135.86,North
819,2022-03-30,Grocery,860.21,9,62.09,East
820,2022-03-31,Clothing,453.92,13,131.22,North
821,2022-04-01,Electronics,533.27,13,71.88,East
822,2022-04-02,Furniture,923.13,17,261.38,East
823,2022-04-03,Grocery,349.22,2,47.46,North
824,2022-04-04,Grocery,519.69,10,131.72,West
825,2022-04-05,Clothing,447.89,18,80.8,North
826,2022-04-06,Clothing,801.25,9,208.99,South
827,2022-04-07,Grocery,710.94,19,50.97,North
828,2022-04-08,Clothing,860.45,18,153.74,West
829,2022-04-09,Clothing,942.01,2,68.12,South
830,2022-04-10,Furniture,740.39,19,219.58,East
831,2022-04-11,Clothing,362.99,17,101.76,North
832,2022-04-12,Clothing,213.39,13,28.97,South
833,2022-04-13,Electronics,323.54,12,88.17,West
834,2022-04-14,Grocery,510.37,11,100.07,North
835,2022-04-15,Furniture,511.94,19,151.69,West
836,2022-04-16,Clothing,938.5,17,228.39,North
837,2022-04-17,Grocery,258.76,9,57.67,North
838,2022-04-18,Furniture,965.01,10,222.6,North
839,2022-04-19,Grocery,998.39,5,130.84,East
840,2022-04-20,Furniture,907.83,8,236.74,South
841,2022-04-21,Electronics,902.89,15,245.92,North
842,2022-04-22,Electronics,296.37,8,80.85,East
843,2022-04-23,Clothing,255.81,18,60.6,North
844,2022-04-24,Furniture,568.87,15,82.82,North
845,2022-04-25,Furniture,541.71,9,77.76,West
846,2022-04-26,Clothing,177.02,6,28.53,North
847,2022-04-27,Grocery,620.97,18,31.31,South
848,2022-04-28,Furniture,830.71,3,90.18,East
849,2022-04-29,Grocery,768.27,18,203.04,West
850,2022-04-30,Electronics,228.64,3,17.09,South
851,2022-05-01,Electronics,782.84,9,130.73,North
852,2022-05-02,Grocery,280.44,18,65.89,East
853,2022-05-03,Grocery,956.57,4,123.45,North
854,2022-05-04,Grocery,172.32,16,44.45,East
855,2022-05-05,Electronics,238.3,3,27.31,South
856,2022-05-06,Furniture,784.9,7,92.93,East
857,2022-05-07,Grocery,709.58,16,113.79,West
858,2022-05-08,Furniture,707.84,5,210.4,West
859,2022-05-09,Electronics,289.24,10,36.21,North
860,2022-05-10,Electronics,710.55,6,98.94,East
861,2022-05-11,Furniture,255.98,8,28.18,West
862,2022-05-12,Electronics,837.94,16,233.37,North
863,2022-05-13,Electronics,914.41,1,167.27,East
864,2022-05-14,Clothing,569.77,5,44.67,North
865,2022-05-15,Grocery,356.62,13,45.7,West
866,2022-05-16,Clothing,897.18,4,123.89,East
867,2022-05-17,Grocery,376.34,19,22.17,North
868,2022-05-18,Clothing,849.31,1,90.84,South
869,2022-05-19,Furniture,101.41,16,25.99,North
870,2022-05-20,Electronics,567.29,1,144.38,West
871,2022-05-21,Electronics,991.53,7,52.2,East
872,2022-05-22,Electronics,874.72,12,259.45,South
873,2022-05-23,Grocery,532.4,15,53.21,East
874,2022-05-24,Grocery,431.5,3,89.47,West
875,2022-05-25,Furniture,626.53,12,78.82,North
876,2022-05-26,Furniture,914.25,2,213.61,North
877,2022-05-27,Electronics,717.81,13,102.36,East
878,2022-05-28,Grocery,400.92,14,89.04,West
879,2022-05-29,Grocery,518.8,3,144.33,North
880,2022-05-30,Electronics,503.85,17,86.78,South
881,2022-05-31,Grocery,462.67,15,103.41,North
882,2022-06-01,Furniture,919.56,15,245.07,South
883,2022-06-02,Clothing,256.99,1,39.95,North
884,2022-06-03,Electronics,475.0,13,74.41,South
885,2022-06-04,Electronics,521.45,11,75.4,South
886,2022-06-05,Grocery,282.48,13,78.02,South
887,2022-06-06,Electronics,321.67,13,48.81,South
888,2022-06-07,Furniture,888.75,9,232.99,North
889,2022-06-08,Electronics,820.24,18,202.6,South
890,2022-06-09,Grocery,314.29,13,68.31,North
891,2022-06-10,Furniture,477.22,18,91.62,West
892,2022-06-11,Furniture,859.14,9,124.69,North
893,2022-06-12,Clothing,781.32,13,157.6,West
894,2022-06-13,Electronics,206.54,18,45.75,North
895,2022-06-14,Electronics,829.62,3,172.22,West
896,2022-06-15,Electronics,557.2,7,117.09,South
897,2022-06-16,Grocery,482.74,17,28.51,South
898,2022-06-17,Electronics,530.59,11,50.59,North
899,2022-06-18,Electronics,552.21,9,131.87,North
900,2022-06-19,Grocery,751.05,9,152.3,South
901,2022-06-20,Clothing,843.12,12,60.17,South
902,2022-06-21,Clothing,122.02,3,10.02,North
903,2022-06-22,Furniture,986.11,17,172.85,North
904,2022-06-23,Clothing,543.87,18,89.87,East
905,2022-06-24,Grocery,591.77,14,81.43,North
906,2022-06-25,Electronics,915.67,12,226.27,West
907,2022-06-26,Grocery,143.64,11,16.77,East
908,2022-06-27,Electronics,738.96,15,169.51,West
909,2022-06-28,Electronics,159.86,17,31.05,East
910,2022-06-29,Grocery,901.1,9,255.67,West
911,2022-06-30,Grocery,915.43,3,117.77,West
912,2022-07-01,Furniture,128.13,10,9.17,North
913,2022-07-02,Clothing,254.96,7,42.14,South
914,2022-07-03,Grocery,668.09,19,105.74,East
915,2022-07-04,Furniture,325.87,3,38.41,North
916,2022-07-05,Furniture,827.29,11,77.09,South
917,2022-07-06,Electronics,977.21,10,106.19,East
918,2022-07-07,Clothing,241.33,7,31.25,East
919,2022-07-08,Grocery,424.57,11,102.16,East
920,2022-07-09,Grocery,696.18,10,167.03,West
921,2022-07-10,Grocery,569.77,16,84.04,South
922,2022-07-11,Electronics,764.92,7,48.2,South
923,2022-07-12,Electronics,751.29,5,52.08,West
924,2022-07-13,Furniture,304.81,18,90.88,West
925,2022-07-14,Grocery,552.45,6,144.81,East
926,2022-07-15,Electronics,987.65,10,283.17,South
927,2022-07-16,Furniture,301.25,18,18.15,North
928,2022-07-17,Electronics,817.24,11,148.93,North
929,2022-07-18,Clothing,866.18,2,77.34,North
930,2022-07-19,Clothing,325.19,1,62.66,East
931,2022-07-20,Electronics,726.21,3,164.48,South
932,2022-07-21,Electronics,823.35,14,104.69,North
933,2022-07-22,Furniture,147.74,16,13.92,North
934,2022-07-23,Clothing,555.68,5,159.17,East
935,2022-07-24,Furniture,756.43,5,185.16,North
936,2022-07-25,Furniture,122.92,11,23.25,North
937,2022-07-26,Grocery,367.26,11,76.16,South
938,2022-07-27,Clothing,888.2,6,200.52,North
939,2022-07-28,Electronics,760.47,1,135.0,West
940,2022-07-29,Clothing,979.62,15,56.03,South
941,2022-07-30,Electronics,368.67,14,73.95,West
942,2022-07-31,Electronics,776.11,13,69.39,West
943,2022-08-01,Electronics,777.97,7,188.92,North
944,2022-08-02,Furniture,750.67,4,204.03,South
945,2022-08-03,Clothing,774.53,12,66.15,South
946,2022-08-04,Furniture,635.14,15,152.95,East
947,2022-08-05,Grocery,352.88,9,68.62,North
948,2022-08-06,Electronics,855.73,14,184.13,South
949,2022-08-07,Furniture,544.17,6,46.04,West
950,2022-08-08,Furniture,553.75,4,40.34,North
951,2022-08-09,Electronics,527.24,6,58.24,West
952,2022-08-10,Grocery,237.2,8,58.15,South
953,2022-08-11,Furniture,736.24,8,120.1,South
954,2022-08-12,Grocery,591.59,6,47.53,South
955,2022-08-13,Clothing,520.08,19,79.79,South
956,2022-08-14,Clothing,224.77,9,28.24,West
957,2022-08-15,Electronics,439.41,13,62.15,East
958,2022-08-16,Furniture,128.81,14,35.31,South
959,2022-08-17,Grocery,817.05,6,190.41,South
960,2022-08-18,Furniture,944.75,19,182.54,West
961,2022-08-19,Grocery,255.9,19,51.98,North
962,2022-08-20,Grocery,439.12,15,114.54,North
963,2022-08-21,Clothing,885.88,3,167.18,West
964,2022-08-22,Electronics,951.46,4,129.58,West
965,2022-08-23,Clothing,941.68,9,127.08,West
966,2022-08-24,Grocery,172.71,1,44.68,West
967,2022-08-25,Electronics,385.45,13,96.0,West
968,2022-08-26,Electronics,240.53,1,54.96,East
969,2022-08-27,Furniture,506.31,1,83.63,North
970,2022-08-28,Grocery,389.35,4,51.94,South
971,2022-08-29,Furniture,806.06,14,206.77,South
972,2022-08-30,Furniture,116.78,1,27.03,East
973,2022-08-31,Furniture,124.02,15,23.99,West
974,2022-09-01,Electronics,747.76,16,122.26,East
975,2022-09-02,Electronics,620.65,17,145.01,West
976,2022-09-03,Electronics,539.05,3,110.04,West
977,2022-09-04,Grocery,397.66,18,55.62,West
978,2022-09-05,Clothing,388.64,18,106.07,North
979,2022-09-06,Furniture,604.03,1,44.1,East
980,2022-09-07,Electronics,348.74,15,86.21,East
981,2022-09-08,Grocery,594.36,11,132.19,North
982,2022-09-09,Clothing,321.01,10,82.59,West
983,2022-09-10,Clothing,747.72,18,116.59,West
984,2022-09-11,Electronics,964.36,10,215.28,South
985,2022-09-12,Clothing,639.84,17,167.65,North
986,2022-09-13,Furniture,882.13,9,65.08,East
987,2022-09-14,Furniture,850.06,6,199.09,West
988,2022-09-15,Clothing,741.29,17,40.34,West
989,2022-09-16,Electronics,316.48,1,84.96,North
990,2022-09-17,Electronics,709.79,2,187.17,West
991,2022-09-18,Furniture,407.67,2,108.48,North
992,2022-09-19,Clothing,766.72,12,153.59,North
993,2022-09-20,Grocery,783.14,18,99.11,East
994,2022-09-21,Furniture,893.8,17,158.9,East
995,2022-09-22,Furniture,166.51,3,12.89,West
996,2022-09-23,Electronics,307.29,12,40.45,West
997,2022-09-24,Electronics,802.87,12,68.19,West
998,2022-09-25,Clothing,265.96,16,34.45,South
999,2022-09-26,Electronics,367.1,13,87.33,West
1000,2022-09-27,Grocery,899.32,9,140.23,North
1001,2022-09-28,Furniture,781.61,13,79.73,East
1002,2022-09-29,Grocery,632.18,7,53.72,West
1003,2022-09-30,Furniture,442.92,15,35.09,North
1004,2022-10-01,Grocery,189.44,11,55.84,East
1005,2022-10-02,Electronics,905.72,5,185.62,East
1006,2022-10-03,Grocery,882.47,2,253.66,East
1007,2022-10-04,Clothing,882.23,10,76.29,South
1008,2022-10-05,Electronics,680.48,12,137.44,South
1009,2022-10-06,Clothing,748.09,14,170.62,North
1010,2022-10-07,Clothing,937.72,1,51.07,West
1011,2022-10-08,Clothing,439.96,17,34.69,North
1012,2022-10-09,Grocery,845.21,9,237.56,West
1013,2022-10-10,Furniture,589.92,18,40.89,North
1014,2022-10-11,Clothing,175.49,10,30.98,South
1015,2022-10-12,Grocery,730.72,17,38.96,West
1016,2022-10-13,Electronics,871.54,2,202.26,East
1017,2022-10-14,Clothing,160.03,17,43.78,North
1018,2022-10-15,Electronics,677.66,18,200.38,North
1019,2022-10-16,Grocery,977.01,7,168.35,North
1020,2022-10-17,Electronics,882.73,5,76.37,West
1021,2022-10-18,Furniture,245.14,7,37.4,West
1022,2022-10-19,Grocery,303.28,18,19.03,East
1023,2022-10-20,Clothing,937.14,12,181.54,East
1024,2022-10-21,Clothing,994.39,3,209.53,North
1025,2022-10-22,Grocery,769.81,7,204.9,East
1026,2022-10-23,Electronics,172.78,8,50.08,North
1027,2022-10-24,Grocery,351.97,15,35.19,East
1028,2022-10-25,Grocery,512.75,13,137.2,North
1029,2022-10-26,Grocery,724.13,12,214.6,East
1030,2022-10-27,Clothing,632.73,11,160.07,East
1031,2022-10-28,Clothing,931.26,1,208.24,North
1032,2022-10-29,Clothing,150.91,3,44.28,West
1033,2022-10-30,Electronics,928.03,16,124.5,West
1034,2022-10-31,Electronics,875.88,7,81.05,South
1035,2022-11-01,Grocery,909.4,2,238.83,West
1036,2022-11-02,Clothing,625.0,13,163.42,North
1037,2022-11-03,Grocery,804.97,11,131.79,East
1038,2022-11-04,Grocery,928.59,8,48.96,South
1039,2022-11-05,Clothing,587.66,11,168.51,West
1040,2022-11-06,Clothing,195.67,18,14.91,South
1041,2022-11-07,Grocery,404.78,2,25.43,West
1042,2022-11-08,Clothing,980.96,2,207.05,West
1043,2022-11-09,Electronics,643.57,19,95.73,South
1044,2022-11-10,Furniture,883.56,2,110.66,South
1045,2022-11-11,Furniture,355.17,6,51.85,North
1046,2022-11-12,Grocery,541.53,6,33.18,North
1047,2022-11-13,Clothing,672.42,5,155.71,North
1048,2022-11-14,Grocery,287.99,17,63.13,North
1049,2022-11-15,Grocery,614.39,2,142.33,West
1050,2022-11-16,Electronics,983.52,11,247.58,West
1051,2022-11-17,Electronics,415.3,14,91.68,North
1052,2022-11-18,Furniture,288.26,13,75.52,North
1053,2022-11-19,Furniture,687.99,9,85.82,South
1054,2022-11-20,Grocery,641.15,19,191.51,South
1055,2022-11-21,Grocery,180.96,3,29.12,West
1056,2022-11-22,Grocery,383.9,5,81.64,South
1057,2022-11-23,Clothing,560.16,8,151.32,South
1058,2022-11-24,Electronics,708.16,2,198.3,South
1059,2022-11-25,Furniture,503.54,6,137.12,East
1060,2022-11-26,Grocery,779.87,4,77.01,West
1061,2022-11-27,Grocery,885.58,19,136.54,South
1062,2022-11-28,Grocery,687.94,14,63.74,South
1063,2022-11-29,Electronics,608.35,9,117.39,East
1064,2022-11-30,Clothing,372.41,10,75.48,South
1065,2022-12-01,Clothing,609.26,6,41.02,South
1066,2022-12-02,Grocery,858.1,2,248.31,West
1067,2022-12-03,Electronics,933.63,12,198.66,East
1068,2022-12-04,Clothing,390.05,15,24.04,North
1069,2022-12-05,Grocery,203.21,1,31.86,North
1070,2022-12-06,Furniture,131.51,1,24.96,West
1071,2022-12-07,Electronics,126.76,15,31.5,South
1072,2022-12-08,Electronics,857.66,1,151.14,West
1073,2022-12-09,Furniture,319.19,11,32.28,South
1074,2022-12-10,Electronics,801.26,9,133.81,East
1075,2022-12-11,Electronics,241.99,3,33.55,East
1076,2022-12-12,Furniture,177.86,14,14.74,South
1077,2022-12-13,Electronics,801.24,13,91.8,East
1078,2022-12-14,Electronics,868.56,8,253.6,North
1079,2022-12-15,Clothing,878.43,12,258.71,South
1080,2022-12-16,Clothing,746.66,2,161.33,East
1081,2022-12-17,Furniture,215.12,14,20.75,West
1082,2022-12-18,Grocery,528.32,5,149.16,North
1083,2022-12-19,Furniture,851.22,19,187.61,North
1084,2022-12-20,Grocery,255.89,4,34.57,North
1085,2022-12-21,Grocery,659.29,11,88.39,East
1086,2022-12-22,Clothing,493.38,8,115.75,North
1087,2022-12-23,Furniture,995.84,10,131.52,East
1088,2022-12-24,Clothing,790.41,17,108.74,South
1089,2022-12-25,Furniture,700.64,4,127.77,South
1090,2022-12-26,Furniture,188.56,11,31.74,North
1091,2022-12-27,Electronics,789.1,16,185.79,West
1092,2022-12-28,Electronics,890.8,18,106.16,East
1093,2022-12-29,Electronics,996.66,2,167.32,East
1094,2022-12-30,Clothing,402.89,19,62.6,West
1095,2022-12-31,Furniture,715.26,3,212.72,West
1096,2023-01-01,Electronics,730.26,16,189.41,West
1097,2023-01-02,Grocery,769.35,3,84.36,South
1098,2023-01-03,Electronics,218.82,9,22.22,East
1099,2023-01-04,Clothing,406.55,10,115.36,East
1100,2023-01-05,Furniture,907.32,8,131.31,South
1101,2023-01-06,Furniture,547.04,1,58.19,East
1102,2023-01-07,Furniture,620.89,15,75.39,East
1103,2023-01-08,Furniture,811.53,7,206.02,South
1104,2023-01-09,Grocery,603.9,10,81.18,East
1105,2023-01-10,Clothing,878.17,1,239.81,East
1106,2023-01-11,Grocery,988.16,1,272.79,West
1107,2023-01-12,Electronics,234.83,3,21.53,East
1108,2023-01-13,Clothing,385.12,17,100.97,West
1109,2023-01-14,Electronics,774.82,16,97.83,West
1110,2023-01-15,Electronics,475.64,18,91.13,North
1111,2023-01-16,Furniture,393.24,5,108.8,East
1112,2023-01-17,Grocery,329.54,16,46.26,South
1113,2023-01-18,Furniture,437.0,17,104.92,North
1114,2023-01-19,Electronics,770.27,14,126.86,East
1115,2023-01-20,Clothing,579.23,13,108.58,East
1116,2023-01-21,Furniture,440.75,2,120.15,West
1117,2023-01-22,Electronics,635.73,19,135.42,North
1118,2023-01-23,Electronics,318.66,13,82.05,East
1119,2023-01-24,Grocery,522.54,5,66.51,East
1120,2023-01-25,Electronics,964.35,2,132.65,South
1121,2023-01-26,Electronics,595.71,16,50.59,West
1122,2023-01-27,Clothing,495.87,4,133.56,South
1123,2023-01-28,Clothing,339.65,17,84.95,East
1124,2023-01-29,Clothing,406.91,16,32.91,West
1125,2023-01-30,Grocery,644.82,3,97.56,East
1126,2023-01-31,Furniture,221.8,1,23.85,South
1127,2023-02-01,Electronics,817.62,15,105.74,East
1128,2023-02-02,Furniture,150.17,18,24.86,East
1129,2023-02-03,Clothing,841.12,11,122.18,North
1130,2023-02-04,Furniture,656.38,19,151.51,South
1131,2023-02-05,Grocery,685.33,11,138.24,East
1132,2023-02-06,Clothing,311.36,8,71.59,East
1133,2023-02-07,Electronics,627.87,11,77.97,South
1134,2023-02-08,Furniture,357.3,8,58.91,East
1135,2023-02-09,Electronics,141.03,1,8.73,West
1136,2023-02-10,Grocery,461.12,18,129.09,North
1137,2023-02-11,Clothing,321.78,1,33.21,North
1138,2023-02-12,Clothing,712.96,12,83.67,North
1139,2023-02-13,Furniture,639.0,15,92.97,East
1140,2023-02-14,Grocery,215.52,15,20.35,South
1141,2023-02-15,Electronics,267.02,13,16.18,North
1142,2023-02-16,Clothing,321.33,10,68.7,East
1143,2023-02-17,Electronics,220.63,1,53.4,North
1144,2023-02-18,Electronics,563.71,13,61.46,North
1145,2023-02-19,Furniture,119.42,2,24.93,East
1146,2023-02-20,Furniture,446.01,5,39.68,West
1147,2023-02-21,Grocery,690.51,3,138.59,South
1148,2023-02-22,Clothing,747.89,11,192.64,West
1149,2023-02-23,Grocery,712.1,8,114.83,East
1150,2023-02-24,Clothing,110.35,8,32.15,East
1151,2023-02-25,Furniture,403.52,1,116.61,East
1152,2023-02-26,Furniture,482.4,7,107.38,North
1153,2023-02-27,Grocery,558.18,16,106.15,South
1154,2023-02-28,Clothing,356.29,2,19.31,North
1155,2023-03-01,Electronics,982.07,12,193.44,South
1156,2023-03-02,Electronics,466.44,8,51.55,North
1157,2023-03-03,Electronics,818.65,11,55.63,North
1158,2023-03-04,Clothing,760.3,4,58.5,North
1159,2023-03-05,Furniture,286.72,5,14.44,West
1160,2023-03-06,Grocery,554.79,13,114.3,West
1161,2023-03-07,Electronics,867.24,9,131.96,South
1162,2023-03-08,Electronics,387.0,19,30.13,East
1163,2023-03-09,Furniture,496.96,9,25.49,East
1164,2023-03-10,Clothing,958.38,11,49.69,South
1165,2023-03-11,Clothing,869.2,14,212.03,West
1166,2023-03-12,Electronics,609.25,3,121.91,North
1167,2023-03-13,Furniture,402.6,15,24.97,East
1168,2023-03-14,Electronics,847.02,15,237.65,West
1169,2023-03-15,Furniture,130.74,16,8.96,West
1170,2023-03-16,Clothing,368.12,11,26.66,South
1171,2023-03-17,Grocery,743.63,8,109.25,West
1172,2023-03-18,Grocery,649.14,11,48.4,South
1173,2023-03-19,Electronics,420.6,9,27.76,East
1174,2023-03-20,Grocery,999.16,12,163.33,East
1175,2023-03-21,Furniture,605.82,13,170.9,North
1176,2023-03-22,Furniture,370.05,13,83.53,North
1177,2023-03-23,Clothing,274.87,13,34.65,West
1178,2023-03-24,Electronics,302.96,19,69.04,West
1179,2023-03-25,Grocery,102.16,14,25.94,East
1180,2023-03-26,Electronics,237.77,13,40.16,East
1181,2023-03-27,Furniture,948.43,13,56.41,East
1182,2023-03-28,Furniture,106.91,13,6.28,East
1183,2023-03-29,Grocery,364.97,14,96.52,West
1184,2023-03-30,Furniture,945.9,11,191.28,North
1185,2023-03-31,Grocery,964.44,4,188.98,East
1186,2023-04-01,Grocery,928.35,8,136.13,East
1187,2023-04-02,Electronics,209.84,19,25.45,South
1188,2023-04-03,Electronics,560.95,17,165.13,East
1189,2023-04-04,Grocery,716.53,14,70.46,North
1190,2023-04-05,Grocery,459.79,3,105.0,North
1191,2023-04-06,Clothing,377.08,17,63.26,North
1192,2023-04-07,Furniture,977.91,15,90.35,West
1193,2023-04-08,Clothing,294.49,18,44.88,North
1194,2023-04-09,Clothing,959.84,13,188.4,North
1195,2023-04-10,Clothing,354.89,15,59.65,South
1196,2023-04-11,Electronics,420.75,3,30.99,West
1197,2023-04-12,Furniture,613.21,3,145.89,West
1198,2023-04-13,Clothing,969.17,13,219.28,East
1199,2023-04-14,Electronics,821.56,5,42.48,North
1200,2023-04-15,Clothing,829.17,8,115.88,West
1201,2023-04-16,Electronics,585.85,1,132.3,East
1202,2023-04-17,Furniture,653.31,2,33.8,South
1203,2023-04-18,Grocery,673.06,15,66.41,West
1204,2023-04-19,Electronics,713.63,13,126.74,East
1205,2023-04-20,Electronics,290.19,19,86.69,East
1206,2023-04-21,Clothing,685.73,8,129.93,East
1207,2023-04-22,Clothing,422.67,7,76.56,North
1208,2023-04-23,Electronics,600.82,5,52.25,West
1209,2023-04-24,Clothing,596.92,17,30.61,East
1210,2023-04-25,Electronics,617.02,6,172.16,East
1211,2023-04-26,Furniture,909.43,9,187.81,South
1212,2023-04-27,Grocery,733.65,6,105.02,North
1213,2023-04-28,Electronics,694.57,6,161.92,North
1214,2023-04-29,Clothing,362.66,15,57.69,West
1215,2023-04-30,Grocery,480.42,8,34.94,North
1216,2023-05-01,Grocery,715.79,11,52.41,North
1217,2023-05-02,Electronics,417.81,11,47.96,North
1218,2023-05-03,Furniture,776.47,2,131.36,East
1219,2023-05-04,Grocery,381.86,2,32.16,North
1220,2023-05-05,Grocery,516.86,19,95.65,East
1221,2023-05-06,Grocery,515.77,13,106.31,East
1222,2023-05-07,Grocery,489.84,17,40.93,West
1223,2023-05-08,Grocery,673.94,9,194.73,South
1224,2023-05-09,Clothing,338.39,7,68.05,South
1225,2023-05-10,Furniture,482.99,14,66.53,South
1226,2023-05-11,Clothing,725.01,1,149.01,West
1227,2023-05-12,Grocery,914.17,16,227.35,North
1228,2023-05-13,Electronics,236.29,8,57.17,West
1229,2023-05-14,Clothing,947.6,8,180.16,South
1230,2023-05-15,Furniture,214.89,19,25.34,East
1231,2023-05-16,Electronics,301.34,10,59.11,West
1232,2023-05-17,Electronics,213.4,12,34.12,South
1233,2023-05-18,Grocery,954.15,11,179.88,West
1234,2023-05-19,Electronics,380.54,9,80.76,North
1235,2023-05-20,Clothing,278.81,4,15.75,South
1236,2023-05-21,Clothing,240.39,19,31.86,South
1237,2023-05-22,Electronics,482.86,9,47.14,North
1238,2023-05-23,Grocery,547.89,18,80.12,South
1239,2023-05-24,Clothing,259.58,10,52.07,North
1240,2023-05-25,Electronics,645.38,7,114.6,North
1241,2023-05-26,Furniture,175.14,19,34.56,West
1242,2023-05-27,Grocery,368.0,7,52.58,North
1243,2023-05-28,Furniture,533.37,11,150.52,West
1244,2023-05-29,Furniture,726.35,1,121.81,North
1245,2023-05-30,Electronics,464.42,10,134.7,North
1246,2023-05-31,Electronics,995.87,8,187.55,North
1247,2023-06-01,Electronics,891.17,16,78.79,South
1248,2023-06-02,Electronics,461.5,10,125.32,East
1249,2023-06-03,Furniture,515.01,9,124.31,North
1250,2023-06-04,Grocery,910.73,16,129.68,North
1251,2023-06-05,Furniture,104.18,14,16.83,South
1252,2023-06-06,Grocery,182.49,11,31.28,East
1253,2023-06-07,Grocery,812.74,7,127.7,South
1254,2023-06-08,Clothing,427.58,8,54.83,South
1255,2023-06-09,Clothing,352.14,15,62.8,North
1256,2023-06-10,Clothing,661.67,13,59.87,East
1257,2023-06-11,Furniture,492.25,16,38.26,North
1258,2023-06-12,Furniture,196.21,6,42.59,North
1259,2023-06-13,Clothing,124.46,15,14.58,South
1260,2023-06-14,Clothing,415.2,13,77.7,North
1261,2023-06-15,Clothing,405.8,7,29.6,East
1262,2023-06-16,Grocery,426.77,13,73.07,South
1263,2023-06-17,Grocery,275.06,13,44.59,South
1264,2023-06-18,Clothing,608.2,16,47.68,South
1265,2023-06-19,Electronics,547.17,15,91.41,West
1266,2023-06-20,Electronics,768.3,6,142.4,North
1267,2023-06-21,Electronics,976.14,9,84.19,East
1268,2023-06-22,Clothing,459.52,13,74.13,South
1269,2023-06-23,Electronics,558.43,8,51.94,North
1270,2023-06-24,Furniture,132.19,12,29.9,North
1271,2023-06-25,Grocery,182.3,3,9.7,East
1272,2023-06-26,Grocery,752.38,5,136.53,South
1273,2023-06-27,Furniture,597.05,2,85.78,West
1274,2023-06-28,Electronics,794.76,13,196.91,East
1275,2023-06-29,Electronics,426.03,11,38.5,South
1276,2023-06-30,Grocery,235.35,13,17.56,West
1277,2023-07-01,Furniture,601.51,12,159.65,North
1278,2023-07-02,Clothing,695.21,13,77.09,North
1279,2023-07-03,Clothing,619.1,16,48.29,West
1280,2023-07-04,Electronics,503.52,5,82.75,East
1281,2023-07-05,Clothing,484.16,6,140.34,East
1282,2023-07-06,Electronics,549.24,18,70.46,North
1283,2023-07-07,Furniture,295.77,19,24.62,East
1284,2023-07-08,Grocery,312.99,7,64.63,East
1285,2023-07-09,Electronics,964.4,16,180.07,North
1286,2023-07-10,Grocery,332.32,9,97.95,North
1287,2023-07-11,Grocery,114.78,5,6.59,South
1288,2023-07-12,Grocery,336.51,10,47.04,East
1289,2023-07-13,Electronics,131.45,7,10.14,South
1290,2023-07-14,Furniture,970.97,18,168.88,West
1291,2023-07-15,Grocery,669.78,12,85.54,South
1292,2023-07-16,Electronics,527.53,13,77.32,East
1293,2023-07-17,Clothing,495.62,6,37.85,East
1294,2023-07-18,Electronics,336.62,1,40.6,West
1295,2023-07-19,Grocery,995.28,3,260.38,South
1296,2023-07-20,Grocery,612.7,6,135.25,West
1297,2023-07-21,Electronics,525.81,11,155.59,East
1298,2023-07-22,Electronics,739.63,7,48.35,South
1299,2023-07-23,Electronics,410.25,6,106.94,West
1300,2023-07-24,Electronics,220.13,6,58.39,East
1301,2023-07-25,Furniture,173.73,15,38.74,West
1302,2023-07-26,Clothing,622.86,17,81.21,North
1303,2023-07-27,Furniture,845.86,10,109.81,East
1304,2023-07-28,Furniture,963.91,14,278.09,North
1305,2023-07-29,Furniture,985.66,8,63.92,East
1306,2023-07-30,Furniture,942.12,10,58.58,West
1307,2023-07-31,Grocery,313.77,14,68.9,East
1308,2023-08-01,Clothing,636.36,17,112.32,North
1309,2023-08-02,Electronics,907.66,5,122.11,South
1310,2023-08-03,Electronics,466.11,1,91.14,South
1311,2023-08-04,Grocery,705.77,12,113.25,South
1312,2023-08-05,Furniture,565.2,2,97.6,East
1313,2023-08-06,Grocery,370.46,8,86.12,East
1314,2023-08-07,Clothing,917.05,14,78.61,West
1315,2023-08-08,Grocery,683.61,14,114.16,North
1316,2023-08-09,Furniture,412.86,9,27.97,West
1317,2023-08-10,Furniture,695.97,17,60.81,North
1318,2023-08-11,Furniture,173.13,3,13.49,West
1319,2023-08-12,Furniture,703.74,3,133.17,East
1320,2023-08-13,Clothing,139.97,13,41.25,West
1321,2023-08-14,Electronics,788.71,2,187.82,North
1322,2023-08-15,Clothing,968.06,11,212.77,North
1323,2023-08-16,Electronics,853.13,10,252.01,East
1324,2023-08-17,Clothing,567.95,14,155.24,West
1325,2023-08-18,Grocery,940.69,10,89.43,West
1326,2023-08-19,Electronics,787.8,6,102.91,North
1327,2023-08-20,Clothing,356.08,5,57.22,West
1328,2023-08-21,Clothing,412.45,10,29.25,West
1329,2023-08-22,Clothing,777.74,3,42.81,West
1330,2023-08-23,Grocery,895.14,15,108.56,East
1331,2023-08-24,Electronics,605.96,4,176.95,West
1332,2023-08-25,Electronics,537.08,19,125.72,West
1333,2023-08-26,Clothing,947.67,7,161.45,South
1334,2023-08-27,Clothing,147.76,15,18.39,East
1335,2023-08-28,Electronics,988.99,8,166.36,North
1336,2023-08-29,Furniture,741.92,14,172.72,South
1337,2023-08-30,Clothing,197.49,13,52.61,North
1338,2023-08-31,Furniture,715.1,11,62.85,East
1339,2023-09-01,Furniture,229.98,18,36.1,West
1340,2023-09-02,Clothing,150.33,10,12.29,South
1341,2023-09-03,Clothing,572.96,11,36.51,South
1342,2023-09-04,Furniture,531.84,14,50.69,South
1343,2023-09-05,Electronics,408.26,4,112.01,East
1344,2023-09-06,Electronics,960.24,5,219.61,North
1345,2023-09-07,Electronics,430.51,4,79.98,South
1346,2023-09-08,Electronics,553.67,11,137.37,South
1347,2023-09-09,Furniture,275.56,6,34.29,North
1348,2023-09-10,Electronics,878.73,6,76.55,South
1349,2023-09-11,Grocery,129.87,19,21.81,West
1350,2023-09-12,Furniture,986.09,3,70.26,East
1351,2023-09-13,Clothing,169.33,2,37.34,South
1352,2023-09-14,Furniture,904.81,6,248.66,South
1353,2023-09-15,Clothing,899.42,11,181.68,North
1354,2023-09-16,Furniture,214.27,12,23.34,North
1355,2023-09-17,Clothing,802.91,4,93.06,South
1356,2023-09-18,Furniture,679.6,11,103.43,South
1357,2023-09-19,Clothing,856.26,11,92.75,North
1358,2023-09-20,Electronics,401.86,11,98.22,North
1359,2023-09-21,Electronics,854.43,9,204.61,North
1360,2023-09-22,Clothing,264.05,15,68.25,South
1361,2023-09-23,Grocery,788.03,12,114.77,South
1362,2023-09-24,Clothing,551.74,6,123.2,North
1363,2023-09-25,Clothing,464.34,6,125.52,East
1364,2023-09-26,Furniture,879.1,10,237.77,South
1365,2023-09-27,Grocery,467.84,7,95.3,North
1366,2023-09-28,Grocery,338.89,4,40.85,West
1367,2023-09-29,Clothing,816.24,14,91.34,East
1368,2023-09-30,Electronics,326.41,14,38.65,South
1369,2023-10-01,Grocery,663.74,19,70.24,North
1370,2023-10-02,Grocery,950.45,15,264.34,East
1371,2023-10-03,Grocery,904.03,11,111.17,North
1372,2023-10-04,Electronics,154.31,9,15.7,East
1373,2023-10-05,Electronics,971.36,10,159.64,West
1374,2023-10-06,Furniture,497.59,11,44.67,West
1375,2023-10-07,Clothing,679.88,15,115.06,South
1376,2023-10-08,Grocery,128.46,15,18.9,South
1377,2023-10-09,Grocery,851.24,8,166.94,East
1378,2023-10-10,Grocery,318.88,16,69.59,South
1379,2023-10-11,Electronics,135.79,6,16.38,East
1380,2023-10-12,Electronics,628.58,4,149.81,North
1381,2023-10-13,Electronics,405.88,11,89.89,South
1382,2023-10-14,Grocery,700.09,3,192.91,South
1383,2023-10-15,Electronics,609.57,7,180.22,South
1384,2023-10-16,Electronics,556.71,17,107.92,North
1385,2023-10-17,Grocery,292.92,17,58.17,East
1386,2023-10-18,Clothing,448.7,6,74.74,South
1387,2023-10-19,Clothing,230.35,3,20.5,North
1388,2023-10-20,Grocery,672.55,2,48.16,East
1389,2023-10-21,Clothing,147.16,9,35.16,West
1390,2023-10-22,Electronics,726.1,8,177.4,South
1391,2023-10-23,Clothing,128.65,3,34.7,West
1392,2023-10-24,Furniture,909.11,10,241.5,South
1393,2023-10-25,Furniture,604.26,8,75.77,North
1394,2023-10-26,Electronics,991.54,9,132.8,East
1395,2023-10-27,Clothing,163.02,3,44.91,North
1396,2023-10-28,Grocery,968.13,19,245.54,North
1397,2023-10-29,Electronics,872.44,11,182.48,West
1398,2023-10-30,Electronics,276.31,12,64.95,North
1399,2023-10-31,Electronics,665.77,10,44.51,East
1400,2023-11-01,Grocery,783.07,16,133.7,West
1401,2023-11-02,Clothing,515.56,1,46.58,East
1402,2023-11-03,Furniture,358.37,19,23.48,West
1403,2023-11-04,Furniture,788.57,14,181.98,South
1404,2023-11-05,Clothing,929.66,9,144.36,South
1405,2023-11-06,Grocery,345.0,6,36.04,West
1406,2023-11-07,Electronics,962.15,1,148.2,West
1407,2023-11-08,Grocery,278.49,13,25.1,North
1408,2023-11-09,Furniture,103.49,4,16.72,West
1409,2023-11-10,Furniture,448.9,8,50.38,East
1410,2023-11-11,Furniture,267.86,6,43.15,North
1411,2023-11-12,Furniture,282.23,11,20.98,North
1412,2023-11-13,Grocery,333.83,19,24.17,East
1413,2023-11-14,Grocery,888.63,17,231.05,West
1414,2023-11-15,Clothing,892.0,3,228.8,West
1415,2023-11-16,Furniture,356.38,19,51.4,West
1416,2023-11-17,Grocery,118.99,8,8.73,North
1417,2023-11-18,Electronics,438.2,8,40.74,North
1418,2023-11-19,Clothing,599.37,12,134.47,South
1419,2023-11-20,Grocery,927.8,4,220.93,West
1420,2023-11-21,Clothing,744.0,15,205.53,West
1421,2023-11-22,Grocery,406.66,5,24.81,East
1422,2023-11-23,Clothing,163.73,2,48.58,West
1423,2023-11-24,Electronics,740.6,2,150.81,North
1424,2023-11-25,Electronics,846.71,12,101.14,East
1425,2023-11-26,Furniture,106.18,15,25.71,East
1426,2023-11-27,Furniture,842.94,10,186.07,North
1427,2023-11-28,Furniture,593.0,9,115.94,South
1428,2023-11-29,Grocery,767.56,17,91.49,East
1429,2023-11-30,Electronics,506.9,10,35.77,East
1430,2023-12-01,Grocery,956.39,18,55.69,South
1431,2023-12-02,Furniture,791.46,8,154.58,South
1432,2023-12-03,Grocery,602.3,13,125.27,West
1433,2023-12-04,Electronics,993.99,2,51.48,South
1434,2023-12-05,Electronics,352.74,10,79.09,North
1435,2023-12-06,Furniture,423.02,8,79.88,South
1436,2023-12-07,Electronics,526.8,1,32.68,East
1437,2023-12-08,Electronics,649.64,18,92.99,East
1438,2023-12-09,Furniture,711.96,6,67.88,East
1439,2023-12-10,Furniture,462.66,9,48.44,West
1440,2023-12-11,Grocery,986.21,2,264.62,East
1441,2023-12-12,Clothing,882.75,12,100.83,West
1442,2023-12-13,Clothing,951.27,11,114.86,East
1443,2023-12-14,Furniture,422.52,16,30.44,North
1444,2023-12-15,Grocery,657.48,12,101.44,South
1445,2023-12-16,Clothing,536.38,18,60.56,West
1446,2023-12-17,Electronics,811.3,5,80.88,North
1447,2023-12-18,Grocery,920.75,4,191.13,South
1448,2023-12-19,Clothing,242.5,7,64.9,South
1449,2023-12-20,Clothing,773.86,13,127.26,South
1450,2023-12-21,Clothing,942.09,3,61.0,East
1451,2023-12-22,Grocery,656.68,14,126.97,South
1452,2023-12-23,Furniture,200.72,17,30.11,East
1453,2023-12-24,Grocery,463.81,13,84.02,South
1454,2023-12-25,Furniture,976.91,17,127.04,East
1455,2023-12-26,Furniture,127.18,16,25.38,West
1456,2023-12-27,Grocery,131.03,6,18.96,North
1457,2023-12-28,Furniture,460.21,4,108.59,North
1458,2023-12-29,Grocery,213.45,15,36.31,South
1459,2023-12-30,Grocery,618.37,5,71.02,West
1460,2023-12-31,Electronics,463.54,15,58.61,South
1461,2024-01-01,Furniture,248.01,4,13.99,West
1462,2024-01-02,Electronics,524.38,15,103.9,West
1463,2024-01-03,Clothing,241.14,3,66.06,East
1464,2024-01-04,Electronics,502.65,14,67.38,West
1465,2024-01-05,Grocery,895.51,5,248.87,North
1466,2024-01-06,Furniture,473.82,1,34.81,North
1467,2024-01-07,Furniture,652.87,18,137.92,South
1468,2024-01-08,Electronics,823.7,19,159.41,East
1469,2024-01-09,Electronics,602.58,13,112.47,East
1470,2024-01-10,Grocery,166.69,11,37.81,West
1471,2024-01-11,Electronics,232.42,10,31.35,South
1472,2024-01-12,Furniture,878.44,1,197.27,South
1473,2024-01-13,Furniture,237.9,18,68.29,West
1474,2024-01-14,Electronics,265.05,19,34.62,East
1475,2024-01-15,Electronics,363.06,19,47.42,North
1476,2024-01-16,Electronics,627.16,9,124.69,South
1477,2024-01-17,Grocery,187.63,13,47.22,North
1478,2024-01-18,Grocery,919.47,4,74.89,East
1479,2024-01-19,Furniture,690.81,18,192.02,West
1480,2024-01-20,Grocery,409.31,8,77.73,North
1481,2024-01-21,Furniture,411.92,11,113.47,East
1482,2024-01-22,Grocery,298.5,1,63.58,West
1483,2024-01-23,Grocery,420.33,13,90.22,North
1484,2024-01-24,Clothing,366.42,17,74.54,North
1485,2024-01-25,Furniture,826.31,10,193.64,East
1486,2024-01-26,Furniture,257.7,8,30.75,North
1487,2024-01-27,Clothing,383.88,14,77.7,East
1488,2024-01-28,Furniture,231.21,15,30.36,West
1489,2024-01-29,Grocery,803.06,16,54.29,East
1490,2024-01-30,Grocery,126.57,1,23.74,West
1491,2024-01-31,Grocery,887.58,5,88.97,North
1492,2024-02-01,Grocery,358.33,14,94.69,West
1493,2024-02-02,Furniture,235.51,6,15.55,North
1494,2024-02-03,Furniture,431.5,11,32.75,East
1495,2024-02-04,Electronics,457.32,4,112.96,East
1496,2024-02-05,Electronics,670.19,17,179.02,North
1497,2024-02-06,Grocery,856.14,15,110.82,West
1498,2024-02-07,Electronics,488.0,19,65.52,North
1499,2024-02-08,Electronics,167.63,1,17.04,South
1500,2024-02-09,Electronics,855.08,12,243.87,East
1501,2024-02-10,Clothing,409.97,2,115.67,West
1502,2024-02-11,Electronics,969.11,5,159.49,East
1503,2024-02-12,Electronics,557.67,2,107.51,East
1504,2024-02-13,Clothing,164.72,7,25.56,North
1505,2024-02-14,Grocery,852.94,5,148.81,North
1506,2024-02-15,Clothing,335.96,9,67.84,South
1507,2024-02-16,Furniture,816.8,18,234.58,West
1508,2024-02-17,Furniture,798.95,13,168.2,North
1509,2024-02-18,Clothing,654.99,5,182.35,North
1510,2024-02-19,Clothing,444.42,12,27.71,East
1511,2024-02-20,Furniture,201.1,1,18.16,West
1512,2024-02-21,Furniture,120.15,5,33.19,South
1513,2024-02-22,Clothing,902.63,8,199.99,North
1514,2024-02-23,Grocery,277.7,10,58.44,East
1515,2024-02-24,Grocery,664.81,16,170.62,North
1516,2024-02-25,Furniture,102.75,2,30.78,North
1517,2024-02-26,Furniture,597.93,8,66.75,East
1518,2024-02-27,Furniture,269.91,18,34.19,West
1519,2024-02-28,Grocery,476.47,1,28.44,West
1520,2024-02-29,Grocery,350.75,16,83.33,North
1521,2024-03-01,Clothing,415.72,11,39.39,South
1522,2024-03-02,Clothing,454.42,7,104.16,North
1523,2024-03-03,Furniture,763.45,1,66.13,South
1524,2024-03-04,Electronics,548.21,6,126.53,South
1525,2024-03-05,Electronics,378.68,10,82.28,South
1526,2024-03-06,Furniture,278.84,19,80.38,North
1527,2024-03-07,Furniture,167.07,4,49.6,South
1528,2024-03-08,Furniture,758.91,2,162.99,North
1529,2024-03-09,Clothing,766.14,9,129.28,South
1530,2024-03-10,Furniture,367.44,2,49.96,West
1531,2024-03-11,Grocery,719.41,5,210.45,North
1532,2024-03-12,Electronics,993.9,18,61.44,South
1533,2024-03-13,Clothing,419.8,19,101.07,West
1534,2024-03-14,Grocery,895.1,9,172.58,West
1535,2024-03-15,Grocery,699.41,4,78.86,South
1536,2024-03-16,Electronics,241.34,18,64.85,South
1537,2024-03-17,Electronics,685.06,11,199.81,South
1538,2024-03-18,Furniture,210.89,19,25.21,North
1539,2024-03-19,Furniture,559.49,12,76.66,West
1540,2024-03-20,Electronics,755.14,4,154.74,North
1541,2024-03-21,Clothing,268.69,13,39.54,West
1542,2024-03-22,Furniture,749.75,6,50.14,North
1543,2024-03-23,Furniture,957.27,3,219.95,West
1544,2024-03-24,Grocery,361.59,12,86.66,South
1545,2024-03-25,Clothing,587.94,4,34.41,West
1546,2024-03-26,Furniture,844.84,8,115.95,East
1547,2024-03-27,Electronics,959.95,14,178.55,South
1548,2024-03-28,Clothing,182.35,4,27.01,North
1549,2024-03-29,Furniture,843.98,10,209.14,North
1550,2024-03-30,Clothing,146.54,4,31.55,North
1551,2024-03-31,Electronics,346.38,8,19.16,East
1552,2024-04-01,Furniture,366.38,2,86.82,East
1553,2024-04-02,Furniture,918.52,6,193.43,North
1554,2024-04-03,Furniture,868.3,1,240.85,West
1555,2024-04-04,Clothing,276.23,16,54.55,North
1556,2024-04-05,Grocery,926.06,3,121.13,South
1557,2024-04-06,Furniture,514.09,9,114.81,North
1558,2024-04-07,Furniture,778.68,2,155.29,West
1559,2024-04-08,Grocery,621.36,14,112.7,East
1560,2024-04-09,Clothing,594.49,5,127.69,East
1561,2024-04-10,Electronics,147.49,7,18.73,South
1562,2024-04-11,Furniture,164.38,1,44.05,East
1563,2024-04-12,Electronics,836.74,16,245.28,West
1564,2024-04-13,Electronics,698.08,1,175.67,West
1565,2024-04-14,Clothing,337.47,9,73.21,West
1566,2024-04-15,Clothing,624.94,14,150.55,East
1567,2024-04-16,Furniture,253.41,15,35.48,West
1568,2024-04-17,Electronics,985.19,8,103.98,South
1569,2024-04-18,Electronics,210.16,4,57.7,West
1570,2024-04-19,Clothing,201.02,4,18.76,South
1571,2024-04-20,Grocery,212.24,1,50.32,West
1572,2024-04-21,Clothing,222.68,8,22.07,North
1573,2024-04-22,Clothing,465.22,11,64.92,West
1574,2024-04-23,Clothing,236.86,4,32.79,North
1575,2024-04-24,Grocery,529.62,7,71.57,East
1576,2024-04-25,Clothing,835.56,9,96.14,West
1577,2024-04-26,Electronics,760.19,17,215.34,West
1578,2024-04-27,Grocery,979.3,5,69.75,East
1579,2024-04-28,Grocery,808.95,5,146.67,East
1580,2024-04-29,Furniture,408.81,16,111.1,North
1581,2024-04-30,Clothing,949.11,5,245.09,North
1582,2024-05-01,Furniture,759.19,19,195.14,South
1583,2024-05-02,Furniture,207.58,9,54.3,South
1584,2024-05-03,Electronics,735.54,3,188.63,North
1585,2024-05-04,Clothing,540.22,10,128.13,South
1586,2024-05-05,Clothing,353.68,1,24.18,South
1587,2024-05-06,Clothing,508.71,15,43.81,East
1588,2024-05-07,Electronics,879.41,17,240.31,South
1589,2024-05-08,Grocery,574.07,18,67.52,North
1590,2024-05-09,Grocery,677.19,16,101.52,South
1591,2024-05-10,Electronics,687.06,2,131.63,East
1592,2024-05-11,Electronics,764.87,4,109.63,West
1593,2024-05-12,Grocery,797.64,19,199.75,East
1594,2024-05-13,Electronics,571.17,1,147.02,North
1595,2024-05-14,Furniture,375.47,3,76.22,East
1596,2024-05-15,Grocery,147.1,1,31.29,East
1597,2024-05-16,Grocery,564.4,2,124.97,West
1598,2024-05-17,Grocery,772.41,8,106.62,North
1599,2024-05-18,Furniture,883.26,10,124.22,West
1600,2024-05-19,Furniture,291.13,13,28.11,North
1601,2024-05-20,Grocery,207.78,5,34.56,South
1602,2024-05-21,Furniture,525.55,12,99.9,North
1603,2024-05-22,Grocery,722.41,7,49.96,East
1604,2024-05-23,Electronics,988.89,11,237.45,South
1605,2024-05-24,Grocery,438.44,7,48.69,West
1606,2024-05-25,Furniture,364.09,18,47.93,East
1607,2024-05-26,Grocery,848.08,12,64.34,West
1608,2024-05-27,Furniture,408.7,9,25.77,South
1609,2024-05-28,Furniture,445.55,16,90.12,North
1610,2024-05-29,Clothing,983.04,17,185.2,South
1611,2024-05-30,Electronics,755.41,6,207.47,North
1612,2024-05-31,Clothing,250.6,11,42.12,North
1613,2024-06-01,Grocery,714.91,13,59.92,West
1614,2024-06-02,Grocery,539.97,11,31.46,North
1615,2024-06-03,Furniture,136.75,11,36.91,North
1616,2024-06-04,Clothing,786.37,10,81.07,East
1617,2024-06-05,Grocery,829.77,7,100.08,East
1618,2024-06-06,Furniture,615.33,14,129.91,West
1619,2024-06-07,Electronics,118.78,8,22.02,South
1620,2024-06-08,Grocery,215.9,3,40.63,West
1621,2024-06-09,Grocery,989.04,10,204.06,South
1622,2024-06-10,Clothing,503.57,2,138.44,South
1623,2024-06-11,Clothing,838.12,5,206.16,East
1624,2024-06-12,Clothing,127.32,3,27.62,South
1625,2024-06-13,Clothing,235.84,11,46.33,East
1626,2024-06-14,Grocery,695.51,9,108.77,West
1627,2024-06-15,Furniture,949.98,6,100.83,North
1628,2024-06-16,Furniture,486.51,4,121.29,West
1629,2024-06-17,Clothing,747.71,18,209.25,North
1630,2024-06-18,Furniture,818.66,15,139.71,East
1631,2024-06-19,Furniture,287.99,12,85.85,East
1632,2024-06-20,Furniture,392.68,14,113.47,North
1633,2024-06-21,Furniture,224.56,2,32.23,North
1634,2024-06-22,Electronics,394.79,19,36.59,East
1635,2024-06-23,Electronics,753.96,12,91.24,North
1636,2024-06-24,Clothing,671.65,16,150.68,North
1637,2024-06-25,Grocery,290.34,15,48.06,West
1638,2024-06-26,Clothing,312.69,17,19.42,North
1639,2024-06-27,Clothing,538.54,11,104.21,North
1640,2024-06-28,Clothing,772.07,11,129.59,East
1641,2024-06-29,Electronics,939.9,13,234.55,East
1642,2024-06-30,Furniture,710.33,7,147.48,North
1643,2024-07-01,Furniture,294.45,4,59.81,East
1644,2024-07-02,Grocery,714.23,9,86.7,East
1645,2024-07-03,Clothing,985.75,17,255.23,East
1646,2024-07-04,Clothing,707.77,12,100.07,East
1647,2024-07-05,Grocery,615.44,3,52.0,North
1648,2024-07-06,Furniture,625.28,1,39.39,South
1649,2024-07-07,Electronics,987.62,7,288.34,South
1650,2024-07-08,Grocery,653.3,8,61.08,East
1651,2024-07-09,Grocery,597.47,14,51.8,West
1652,2024-07-10,Electronics,801.34,4,58.1,East
1653,2024-07-11,Grocery,618.94,8,37.22,North
1654,2024-07-12,Electronics,494.16,2,50.4,North
1655,2024-07-13,Grocery,844.25,10,181.83,North
1656,2024-07-14,Grocery,433.39,11,124.19,West
1657,2024-07-15,Furniture,631.29,5,67.0,North
1658,2024-07-16,Clothing,216.29,8,60.6,North
1659,2024-07-17,Clothing,752.15,18,118.28,East
1660,2024-07-18,Grocery,755.69,6,186.38,North
1661,2024-07-19,Electronics,636.24,6,163.87,East
1662,2024-07-20,Grocery,832.09,3,171.3,East
1663,2024-07-21,Clothing,417.93,17,119.37,South
1664,2024-07-22,Furniture,747.25,9,178.65,North
1665,2024-07-23,Furniture,757.13,10,193.44,West
1666,2024-07-24,Electronics,648.41,10,73.51,West
1667,2024-07-25,Furniture,963.63,10,246.12,North
1668,2024-07-26,Grocery,722.55,17,137.88,West
1669,2024-07-27,Furniture,510.28,18,68.52,North
1670,2024-07-28,Clothing,690.07,17,181.15,North
1671,2024-07-29,Furniture,139.31,7,10.84,South
1672,2024-07-30,Furniture,279.69,14,65.92,East
1673,2024-07-31,Clothing,990.01,9,175.72,West
1674,2024-08-01,Furniture,831.8,14,102.51,West
1675,2024-08-02,Electronics,981.38,1,267.59,East
1676,2024-08-03,Grocery,451.61,5,129.46,North
1677,2024-08-04,Electronics,364.27,8,86.55,South
1678,2024-08-05,Grocery,820.56,16,208.18,North
1679,2024-08-06,Grocery,610.09,7,127.75,East
1680,2024-08-07,Clothing,644.62,13,83.92,West
1681,2024-08-08,Clothing,759.57,2,189.29,North
1682,2024-08-09,Furniture,164.61,18,21.52,West
1683,2024-08-10,Furniture,169.09,5,44.72,West
1684,2024-08-11,Electronics,412.19,14,22.58,South
1685,2024-08-12,Clothing,609.32,15,79.59,South
1686,2024-08-13,Electronics,888.22,11,142.22,South
1687,2024-08-14,Clothing,720.56,18,73.83,North
1688,2024-08-15,Electronics,715.48,13,206.46,East
1689,2024-08-16,Grocery,421.11,1,115.32,South
1690,2024-08-17,Furniture,982.83,15,225.79,East
1691,2024-08-18,Furniture,359.09,12,89.6,South
1692,2024-08-19,Electronics,501.83,16,89.86,South
1693,2024-08-20,Clothing,142.49,3,26.31,North
1694,2024-08-21,Grocery,905.79,18,230.23,North
1695,2024-08-22,Electronics,289.11,2,45.92,North
1696,2024-08-23,Clothing,994.04,10,185.23,North
1697,2024-08-24,Clothing,724.43,2,191.05,North
1698,2024-08-25,Furniture,995.65,15,196.24,East
1699,2024-08-26,Grocery,465.09,5,41.89,West
1700,2024-08-27,Grocery,171.9,19,50.56,West
1701,2024-08-28,Electronics,801.91,3,45.55,North
1702,2024-08-29,Grocery,486.06,15,103.81,East
1703,2024-08-30,Clothing,526.21,17,128.98,West
1704,2024-08-31,Clothing,156.78,2,39.08,East
1705,2024-09-01,Clothing,236.05,13,13.7,East
1706,2024-09-02,Clothing,627.21,7,74.63,East
1707,2024-09-03,Electronics,833.98,4,107.23,East
1708,2024-09-04,Furniture,293.14,17,75.71,North
1709,2024-09-05,Clothing,173.82,2,49.72,North
1710,2024-09-06,Furniture,218.15,14,12.84,North
1711,2024-09-07,Furniture,211.73,6,56.48,West
1712,2024-09-08,Grocery,644.24,4,105.27,East
1713,2024-09-09,Electronics,869.46,10,121.8,North
1714,2024-09-10,Grocery,628.19,3,156.3,North
1715,2024-09-11,Furniture,828.08,17,66.56,South
1716,2024-09-12,Clothing,789.26,16,197.68,North
1717,2024-09-13,Grocery,972.15,1,145.19,East
1718,2024-09-14,Clothing,985.11,18,275.29,North
1719,2024-09-15,Electronics,555.17,2,132.98,South
1720,2024-09-16,Clothing,904.93,2,238.91,South
1721,2024-09-17,Grocery,281.51,15,20.16,East
1722,2024-09-18,Furniture,400.79,12,94.36,West
1723,2024-09-19,Electronics,190.0,19,23.86,North
1724,2024-09-20,Clothing,928.34,11,205.24,East
1725,2024-09-21,Electronics,811.03,11,223.56,East
1726,2024-09-22,Furniture,161.81,14,31.88,East
1727,2024-09-23,Grocery,483.07,11,49.49,West
1728,2024-09-24,Furniture,767.09,18,98.64,West
1729,2024-09-25,Clothing,713.36,19,207.42,South
1730,2024-09-26,Grocery,894.89,12,76.66,West
1731,2024-09-27,Furniture,883.86,1,158.34,South
1732,2024-09-28,Furniture,646.75,2,140.08,South
1733,2024-09-29,Clothing,123.87,10,24.79,South
1734,2024-09-30,Furniture,356.41,7,68.28,North
1735,2024-10-01,Grocery,774.89,4,187.65,North
1736,2024-10-02,Furniture,383.04,9,92.65,East
1737,2024-10-03,Clothing,499.2,8,26.63,South
1738,2024-10-04,Grocery,710.6,17,136.91,North
1739,2024-10-05,Grocery,830.76,9,143.09,West
1740,2024-10-06,Electronics,502.2,4,81.78,North
1741,2024-10-07,Grocery,589.2,13,142.67,North
1742,2024-10-08,Furniture,358.07,8,89.6,North
1743,2024-10-09,Electronics,568.79,14,159.96,West
1744,2024-10-10,Electronics,566.05,5,107.14,West
1745,2024-10-11,Clothing,862.7,4,158.08,West
1746,2024-10-12,Clothing,995.91,3,213.19,West
1747,2024-10-13,Grocery,790.62,16,65.08,North
1748,2024-10-14,Grocery,767.7,10,144.1,West
1749,2024-10-15,Electronics,487.51,11,93.69,North
1750,2024-10-16,Furniture,466.02,19,70.89,West
1751,2024-10-17,Electronics,536.24,12,123.86,East
1752,2024-10-18,Grocery,431.83,4,122.33,West
1753,2024-10-19,Furniture,932.1,14,65.29,North
1754,2024-10-20,Furniture,785.74,8,224.33,South
1755,2024-10-21,Clothing,697.49,6,182.89,West
1756,2024-10-22,Electronics,821.4,1,244.8,North
1757,2024-10-23,Clothing,517.15,4,37.8,East
1758,2024-10-24,Electronics,765.17,4,123.65,South
1759,2024-10-25,Clothing,996.89,15,67.31,South
1760,2024-10-26,Furniture,250.06,7,43.38,South
1761,2024-10-27,Electronics,390.47,11,102.76,North
1762,2024-10-28,Furniture,748.94,9,104.13,North
1763,2024-10-29,Grocery,741.58,6,54.86,South
1764,2024-10-30,Clothing,593.09,9,35.75,North
1765,2024-10-31,Furniture,122.86,7,17.94,East
1766,2024-11-01,Furniture,273.18,17,14.46,North
1767,2024-11-02,Furniture,627.01,11,127.22,North
1768,2024-11-03,Clothing,200.48,6,10.25,South
1769,2024-11-04,Clothing,847.44,10,100.8,East
1770,2024-11-05,Clothing,248.33,5,30.08,East
1771,2024-11-06,Electronics,106.22,9,7.8,East
1772,2024-11-07,Grocery,803.87,15,144.29,North
1773,2024-11-08,Electronics,504.19,6,56.61,North
1774,2024-11-09,Electronics,744.65,17,97.25,West
1775,2024-11-10,Furniture,982.12,12,190.92,East
1776,2024-11-11,Electronics,267.56,5,44.72,East
1777,2024-11-12,Grocery,640.03,4,157.41,East
1778,2024-11-13,Furniture,282.82,7,46.94,South
1779,2024-11-14,Grocery,121.99,19,6.17,North
1780,2024-11-15,Electronics,607.35,4,139.11,South
1781,2024-11-16,Clothing,868.43,5,92.9,East
1782,2024-11-17,Clothing,693.37,7,92.15,West
1783,2024-11-18,Furniture,287.68,8,31.29,North
1784,2024-11-19,Furniture,432.45,11,32.47,South
1785,2024-11-20,Clothing,392.89,17,105.31,East
1786,2024-11-21,Electronics,799.47,10,95.06,West
1787,2024-11-22,Furniture,856.89,15,248.63,East
1788,2024-11-23,Grocery,996.6,6,206.45,South
1789,2024-11-24,Clothing,505.07,1,144.31,East
1790,2024-11-25,Electronics,606.9,10,106.73,East
1791,2024-11-26,Grocery,104.03,4,29.09,South
1792,2024-11-27,Furniture,320.83,6,55.84,West
1793,2024-11-28,Furniture,214.96,17,59.31,West
1794,2024-11-29,Furniture,104.15,12,7.56,West
1795,2024-11-30,Grocery,681.67,10,35.35,West
1796,2024-12-01,Furniture,288.62,14,43.53,East
1797,2024-12-02,Clothing,461.97,5,82.53,South
1798,2024-12-03,Furniture,362.44,17,77.01,North
1799,2024-12-04,Furniture,597.41,9,32.9,South
1800,2024-12-05,Furniture,252.07,15,32.4,East
1801,2024-12-06,Furniture,741.06,11,130.34,South
1802,2024-12-07,Grocery,951.44,11,241.19,East
1803,2024-12-08,Clothing,542.82,11,103.14,South
1804,2024-12-09,Electronics,239.95,10,62.84,South
1805,2024-12-10,Electronics,287.84,18,66.86,North
1806,2024-12-11,Furniture,997.44,18,288.7,North
1807,2024-12-12,Furniture,210.1,17,53.3,South
1808,2024-12-13,Grocery,375.61,4,23.8,North
1809,2024-12-14,Grocery,892.93,3,223.34,South
1810,2024-12-15,Electronics,265.56,10,31.4,North
1811,2024-12-16,Grocery,645.18,14,63.19,East
1812,2024-12-17,Clothing,238.72,7,54.26,East
1813,2024-12-18,Clothing,712.42,10,161.45,North
1814,2024-12-19,Grocery,214.28,5,46.02,West
1815,2024-12-20,Furniture,841.6,14,161.39,East
1816,2024-12-21,Furniture,748.99,7,55.36,West
1817,2024-12-22,Clothing,697.79,9,136.07,North
1818,2024-12-23,Clothing,300.48,1,54.69,South
1819,2024-12-24,Electronics,750.77,16,159.26,South
1820,2024-12-25,Electronics,261.43,11,28.58,East
1821,2024-12-26,Furniture,178.98,2,22.05,South
1822,2024-12-27,Furniture,750.38,8,142.33,West
1823,2024-12-28,Furniture,768.11,13,204.41,South
1824,2024-12-29,Grocery,322.88,6,90.04,East
